Date,Product,Category,Region,Stock_Level,Reorder_Point,Units_Received,Warehouse_Cost
2022-01-01,Laptop,Electronics,North,183,30,78,19873.85
2022-01-01,Laptop,Electronics,South,90,30,112,10202.14
2022-01-01,Laptop,Electronics,East,46,30,223,5785.7
2022-01-01,Laptop,Electronics,West,159,30,72,19425.32
2022-01-01,Phone,Electronics,North,28,50,57,2057.98
2022-01-01,Phone,Electronics,South,79,50,179,6448.95
2022-01-01,Phone,Electronics,East,163,50,100,13603.38
2022-01-01,Phone,Electronics,West,199,50,189,15663.75
2022-01-01,Headphones,Electronics,North,134,40,200,3201.39
2022-01-01,Headphones,Electronics,South,21,40,244,557.11
2022-01-01,Headphones,Electronics,East,198,40,158,4791.85
2022-01-01,Headphones,Electronics,West,59,40,105,1609.88
2022-01-01,T-Shirt,Clothing,North,106,100,76,486.83
2022-01-01,T-Shirt,Clothing,South,44,100,141,235.29
2022-01-01,T-Shirt,Clothing,East,174,100,117,923.44
2022-01-01,T-Shirt,Clothing,West,137,100,187,633.6
2022-01-01,Jeans,Clothing,North,116,80,70,937.66
2022-01-01,Jeans,Clothing,South,180,80,208,1551.01
2022-01-01,Jeans,Clothing,East,112,80,197,840.86
2022-01-01,Jeans,Clothing,West,37,80,61,305.55
2022-01-01,Sneakers,Footwear,North,94,60,70,1510.2
2022-01-01,Sneakers,Footwear,South,45,60,147,645.03
2022-01-01,Sneakers,Footwear,East,182,60,263,2656.2
2022-01-01,Sneakers,Footwear,West,114,60,140,1610.65
2022-01-01,Watch,Accessories,North,88,35,229,2870.55
2022-01-01,Watch,Accessories,South,185,35,68,5671.14
2022-01-01,Watch,Accessories,East,63,35,186,1976.61
2022-01-01,Watch,Accessories,West,61,35,168,1785.88
2022-01-01,Backpack,Accessories,North,183,45,226,2221.01
2022-01-01,Backpack,Accessories,South,195,45,133,2500.45
2022-01-01,Backpack,Accessories,East,34,45,108,434.26
2022-01-01,Backpack,Accessories,West,100,45,152,1144.26
2022-02-01,Laptop,Electronics,North,74,30,283,9666.61
2022-02-01,Laptop,Electronics,South,100,30,104,12373.05
2022-02-01,Laptop,Electronics,East,121,30,276,15723.85
2022-02-01,Laptop,Electronics,West,137,30,86,15666.93
2022-02-01,Phone,Electronics,North,83,50,240,6721.5
2022-02-01,Phone,Electronics,South,87,50,241,7077.74
2022-02-01,Phone,Electronics,East,169,50,152,13146.84
2022-02-01,Phone,Electronics,West,55,50,180,4394.29
2022-02-01,Headphones,Electronics,North,32,40,270,737.54
2022-02-01,Headphones,Electronics,South,180,40,90,4762.87
2022-02-01,Headphones,Electronics,East,128,40,202,2920.66
2022-02-01,Headphones,Electronics,West,117,40,202,3215.23
2022-02-01,T-Shirt,Clothing,North,155,100,114,848.02
2022-02-01,T-Shirt,Clothing,South,22,100,224,114.86
2022-02-01,T-Shirt,Clothing,East,194,100,276,977.17
2022-02-01,T-Shirt,Clothing,West,88,100,246,452.4
2022-02-01,Jeans,Clothing,North,48,80,125,378.99
2022-02-01,Jeans,Clothing,South,136,80,50,1186.75
2022-02-01,Jeans,Clothing,East,87,80,298,696.08
2022-02-01,Jeans,Clothing,West,65,80,179,562.91
2022-02-01,Sneakers,Footwear,North,180,60,126,2884.5
2022-02-01,Sneakers,Footwear,South,149,60,205,2100.41
2022-02-01,Sneakers,Footwear,East,115,60,245,1608.23
2022-02-01,Sneakers,Footwear,West,155,60,285,2092.77
2022-02-01,Watch,Accessories,North,102,35,175,2765.92
2022-02-01,Watch,Accessories,South,112,35,274,3686.14
2022-02-01,Watch,Accessories,East,98,35,111,2680.06
2022-02-01,Watch,Accessories,West,165,35,292,4532.97
2022-02-01,Backpack,Accessories,North,144,45,258,1579.12
2022-02-01,Backpack,Accessories,South,156,45,246,1731.88
2022-02-01,Backpack,Accessories,East,188,45,171,2457.62
2022-02-01,Backpack,Accessories,West,62,45,117,748.12
2022-03-01,Laptop,Electronics,North,175,30,158,22950.32
2022-03-01,Laptop,Electronics,South,158,30,243,19831.9
2022-03-01,Laptop,Electronics,East,71,30,232,8199.16
2022-03-01,Laptop,Electronics,West,191,30,216,22339.76
2022-03-01,Phone,Electronics,North,152,50,165,11238.28
2022-03-01,Phone,Electronics,South,77,50,66,5960.52
2022-03-01,Phone,Electronics,East,170,50,191,12865.91
2022-03-01,Phone,Electronics,West,76,50,51,5558.33
2022-03-01,Headphones,Electronics,North,181,40,65,4279.69
2022-03-01,Headphones,Electronics,South,28,40,270,676.26
2022-03-01,Headphones,Electronics,East,151,40,110,3607.75
2022-03-01,Headphones,Electronics,West,144,40,104,3628.25
2022-03-01,T-Shirt,Clothing,North,166,100,197,825.46
2022-03-01,T-Shirt,Clothing,South,141,100,256,691.9
2022-03-01,T-Shirt,Clothing,East,44,100,74,227.0
2022-03-01,T-Shirt,Clothing,West,110,100,158,540.22
2022-03-01,Jeans,Clothing,North,33,80,222,272.1
2022-03-01,Jeans,Clothing,South,185,80,75,1349.94
2022-03-01,Jeans,Clothing,East,106,80,254,909.34
2022-03-01,Jeans,Clothing,West,83,80,99,622.86
2022-03-01,Sneakers,Footwear,North,134,60,85,1978.6
2022-03-01,Sneakers,Footwear,South,91,60,168,1296.7
2022-03-01,Sneakers,Footwear,East,39,60,163,621.04
2022-03-01,Sneakers,Footwear,West,160,60,75,2184.28
2022-03-01,Watch,Accessories,North,158,35,264,4279.99
2022-03-01,Watch,Accessories,South,43,35,287,1355.42
2022-03-01,Watch,Accessories,East,80,35,92,2355.08
2022-03-01,Watch,Accessories,West,143,35,104,4602.87
2022-03-01,Backpack,Accessories,North,35,45,92,409.83
2022-03-01,Backpack,Accessories,South,119,45,117,1549.81
2022-03-01,Backpack,Accessories,East,136,45,123,1606.87
2022-03-01,Backpack,Accessories,West,162,45,219,2028.92
2022-04-01,Laptop,Electronics,North,59,30,98,6792.14
2022-04-01,Laptop,Electronics,South,34,30,198,4272.36
2022-04-01,Laptop,Electronics,East,35,30,241,4043.43
2022-04-01,Laptop,Electronics,West,32,30,199,3822.17
2022-04-01,Phone,Electronics,North,155,50,90,11301.06
2022-04-01,Phone,Electronics,South,150,50,70,12843.22
2022-04-01,Phone,Electronics,East,37,50,202,2704.23
2022-04-01,Phone,Electronics,West,80,50,153,5913.45
2022-04-01,Headphones,Electronics,North,165,40,113,4190.11
2022-04-01,Headphones,Electronics,South,30,40,208,687.3
2022-04-01,Headphones,Electronics,East,188,40,199,4761.31
2022-04-01,Headphones,Electronics,West,100,40,289,2380.38
2022-04-01,T-Shirt,Clothing,North,191,100,233,919.51
2022-04-01,T-Shirt,Clothing,South,87,100,151,402.89
2022-04-01,T-Shirt,Clothing,East,185,100,126,917.09
2022-04-01,T-Shirt,Clothing,West,38,100,52,188.41
2022-04-01,Jeans,Clothing,North,164,80,75,1200.02
2022-04-01,Jeans,Clothing,South,74,80,179,564.2
2022-04-01,Jeans,Clothing,East,109,80,275,796.8
2022-04-01,Jeans,Clothing,West,82,80,144,627.79
2022-04-01,Sneakers,Footwear,North,132,60,263,1997.11
2022-04-01,Sneakers,Footwear,South,97,60,206,1595.8
2022-04-01,Sneakers,Footwear,East,187,60,185,2528.89
2022-04-01,Sneakers,Footwear,West,161,60,126,2623.54
2022-04-01,Watch,Accessories,North,46,35,290,1484.36
2022-04-01,Watch,Accessories,South,87,35,79,2813.43
2022-04-01,Watch,Accessories,East,161,35,89,4610.09
2022-04-01,Watch,Accessories,West,174,35,103,5447.19
2022-04-01,Backpack,Accessories,North,72,45,225,887.2
2022-04-01,Backpack,Accessories,South,87,45,179,1041.61
2022-04-01,Backpack,Accessories,East,33,45,73,406.64
2022-04-01,Backpack,Accessories,West,90,45,61,972.77
2022-05-01,Laptop,Electronics,North,53,30,213,6970.3
2022-05-01,Laptop,Electronics,South,61,30,239,7234.85
2022-05-01,Laptop,Electronics,East,200,30,159,24292.35
2022-05-01,Laptop,Electronics,West,48,30,69,6272.7
2022-05-01,Phone,Electronics,North,196,50,281,14579.43
2022-05-01,Phone,Electronics,South,29,50,263,2259.32
2022-05-01,Phone,Electronics,East,161,50,87,12699.13
2022-05-01,Phone,Electronics,West,30,50,128,2335.03
2022-05-01,Headphones,Electronics,North,30,40,280,728.67
2022-05-01,Headphones,Electronics,South,194,40,113,5011.93
2022-05-01,Headphones,Electronics,East,110,40,249,2782.94
2022-05-01,Headphones,Electronics,West,124,40,299,3174.81
2022-05-01,T-Shirt,Clothing,North,59,100,286,320.36
2022-05-01,T-Shirt,Clothing,South,61,100,299,323.29
2022-05-01,T-Shirt,Clothing,East,65,100,275,319.3
2022-05-01,T-Shirt,Clothing,West,65,100,238,352.59
2022-05-01,Jeans,Clothing,North,125,80,255,1033.98
2022-05-01,Jeans,Clothing,South,83,80,118,618.74
2022-05-01,Jeans,Clothing,East,199,80,77,1554.6
2022-05-01,Jeans,Clothing,West,29,80,269,230.64
2022-05-01,Sneakers,Footwear,North,71,60,259,1154.13
2022-05-01,Sneakers,Footwear,South,109,60,128,1739.82
2022-05-01,Sneakers,Footwear,East,78,60,107,1058.54
2022-05-01,Sneakers,Footwear,West,69,60,152,999.45
2022-05-01,Watch,Accessories,North,37,35,297,1170.68
2022-05-01,Watch,Accessories,South,109,35,214,3276.15
2022-05-01,Watch,Accessories,East,193,35,265,5831.94
2022-05-01,Watch,Accessories,West,27,35,79,871.08
2022-05-01,Backpack,Accessories,North,86,45,95,1048.63
2022-05-01,Backpack,Accessories,South,87,45,59,962.23
2022-05-01,Backpack,Accessories,East,131,45,138,1643.85
2022-05-01,Backpack,Accessories,West,100,45,161,1225.49
2022-06-01,Laptop,Electronics,North,150,30,79,17586.7
2022-06-01,Laptop,Electronics,South,167,30,98,19056.93
2022-06-01,Laptop,Electronics,East,131,30,50,15782.63
2022-06-01,Laptop,Electronics,West,157,30,225,19666.81
2022-06-01,Phone,Electronics,North,191,50,100,14865.06
2022-06-01,Phone,Electronics,South,37,50,292,3057.23
2022-06-01,Phone,Electronics,East,104,50,209,8010.36
2022-06-01,Phone,Electronics,West,51,50,234,4406.44
2022-06-01,Headphones,Electronics,North,149,40,129,3849.34
2022-06-01,Headphones,Electronics,South,103,40,153,2676.56
2022-06-01,Headphones,Electronics,East,161,40,82,3776.93
2022-06-01,Headphones,Electronics,West,190,40,290,4635.19
2022-06-01,T-Shirt,Clothing,North,64,100,207,324.42
2022-06-01,T-Shirt,Clothing,South,123,100,190,656.05
2022-06-01,T-Shirt,Clothing,East,97,100,123,456.89
2022-06-01,T-Shirt,Clothing,West,168,100,205,865.99
2022-06-01,Jeans,Clothing,North,139,80,163,1099.14
2022-06-01,Jeans,Clothing,South,74,80,180,588.83
2022-06-01,Jeans,Clothing,East,63,80,218,462.15
2022-06-01,Jeans,Clothing,West,151,80,219,1240.12
2022-06-01,Sneakers,Footwear,North,105,60,73,1675.3
2022-06-01,Sneakers,Footwear,South,80,60,222,1154.5
2022-06-01,Sneakers,Footwear,East,70,60,87,950.13
2022-06-01,Sneakers,Footwear,West,82,60,171,1257.37
2022-06-01,Watch,Accessories,North,38,35,166,1120.49
2022-06-01,Watch,Accessories,South,181,35,197,5098.16
2022-06-01,Watch,Accessories,East,198,35,148,5933.32
2022-06-01,Watch,Accessories,West,82,35,87,2536.78
2022-06-01,Backpack,Accessories,North,21,45,278,264.65
2022-06-01,Backpack,Accessories,South,47,45,249,555.56
2022-06-01,Backpack,Accessories,East,65,45,255,851.44
2022-06-01,Backpack,Accessories,West,152,45,168,1659.92
2022-07-01,Laptop,Electronics,North,83,30,284,10653.89
2022-07-01,Laptop,Electronics,South,136,30,84,17303.82
2022-07-01,Laptop,Electronics,East,190,30,185,25024.79
2022-07-01,Laptop,Electronics,West,172,30,131,22497.76
2022-07-01,Phone,Electronics,North,133,50,206,11310.33
2022-07-01,Phone,Electronics,South,149,50,159,12708.08
2022-07-01,Phone,Electronics,East,160,50,164,13816.85
2022-07-01,Phone,Electronics,West,141,50,165,10736.74
2022-07-01,Headphones,Electronics,North,83,40,265,2132.13
2022-07-01,Headphones,Electronics,South,153,40,174,3921.96
2022-07-01,Headphones,Electronics,East,90,40,162,2059.87
2022-07-01,Headphones,Electronics,West,93,40,110,2218.85
2022-07-01,T-Shirt,Clothing,North,101,100,278,509.06
2022-07-01,T-Shirt,Clothing,South,55,100,88,260.22
2022-07-01,T-Shirt,Clothing,East,197,100,89,1025.66
2022-07-01,T-Shirt,Clothing,West,36,100,156,176.67
2022-07-01,Jeans,Clothing,North,158,80,169,1242.71
2022-07-01,Jeans,Clothing,South,72,80,263,566.8
2022-07-01,Jeans,Clothing,East,169,80,292,1404.87
2022-07-01,Jeans,Clothing,West,167,80,147,1329.85
2022-07-01,Sneakers,Footwear,North,110,60,126,1733.65
2022-07-01,Sneakers,Footwear,South,127,60,187,1999.3
2022-07-01,Sneakers,Footwear,East,159,60,254,2434.25
2022-07-01,Sneakers,Footwear,West,76,60,174,1076.03
2022-07-01,Watch,Accessories,North,131,35,174,3559.81
2022-07-01,Watch,Accessories,South,106,35,221,3293.93
2022-07-01,Watch,Accessories,East,123,35,235,3442.8
2022-07-01,Watch,Accessories,West,139,35,285,3859.44
2022-07-01,Backpack,Accessories,North,179,45,186,1944.78
2022-07-01,Backpack,Accessories,South,120,45,201,1458.54
2022-07-01,Backpack,Accessories,East,26,45,71,320.91
2022-07-01,Backpack,Accessories,West,54,45,271,643.04
2022-08-01,Laptop,Electronics,North,32,30,116,3747.15
2022-08-01,Laptop,Electronics,South,74,30,166,8572.48
2022-08-01,Laptop,Electronics,East,117,30,121,14747.64
2022-08-01,Laptop,Electronics,West,127,30,114,16260.81
2022-08-01,Phone,Electronics,North,140,50,54,11757.81
2022-08-01,Phone,Electronics,South,33,50,293,2560.78
2022-08-01,Phone,Electronics,East,186,50,67,15716.95
2022-08-01,Phone,Electronics,West,186,50,60,15636.6
2022-08-01,Headphones,Electronics,North,83,40,101,2215.78
2022-08-01,Headphones,Electronics,South,179,40,89,4241.0
2022-08-01,Headphones,Electronics,East,141,40,221,3253.14
2022-08-01,Headphones,Electronics,West,75,40,169,1949.8
2022-08-01,T-Shirt,Clothing,North,114,100,92,582.07
2022-08-01,T-Shirt,Clothing,South,49,100,249,260.65
2022-08-01,T-Shirt,Clothing,East,99,100,77,502.79
2022-08-01,T-Shirt,Clothing,West,99,100,197,512.56
2022-08-01,Jeans,Clothing,North,116,80,151,1009.94
2022-08-01,Jeans,Clothing,South,70,80,69,570.31
2022-08-01,Jeans,Clothing,East,180,80,112,1325.35
2022-08-01,Jeans,Clothing,West,97,80,267,804.6
2022-08-01,Sneakers,Footwear,North,50,60,253,822.58
2022-08-01,Sneakers,Footwear,South,30,60,138,452.95
2022-08-01,Sneakers,Footwear,East,189,60,144,2590.6
2022-08-01,Sneakers,Footwear,West,185,60,137,2504.52
2022-08-01,Watch,Accessories,North,127,35,260,3802.53
2022-08-01,Watch,Accessories,South,130,35,295,3792.51
2022-08-01,Watch,Accessories,East,137,35,231,3824.76
2022-08-01,Watch,Accessories,West,65,35,237,1958.48
2022-08-01,Backpack,Accessories,North,186,45,119,2283.74
2022-08-01,Backpack,Accessories,South,157,45,248,1877.78
2022-08-01,Backpack,Accessories,East,131,45,261,1644.63
2022-08-01,Backpack,Accessories,West,88,45,132,1130.28
2022-09-01,Laptop,Electronics,North,42,30,121,5424.68
2022-09-01,Laptop,Electronics,South,82,30,242,9770.55
2022-09-01,Laptop,Electronics,East,176,30,221,20608.85
2022-09-01,Laptop,Electronics,West,27,30,176,3467.42
2022-09-01,Phone,Electronics,North,66,50,174,4976.0
2022-09-01,Phone,Electronics,South,86,50,137,6576.81
2022-09-01,Phone,Electronics,East,172,50,229,14806.06
2022-09-01,Phone,Electronics,West,162,50,52,13003.1
2022-09-01,Headphones,Electronics,North,68,40,71,1612.06
2022-09-01,Headphones,Electronics,South,124,40,175,3134.21
2022-09-01,Headphones,Electronics,East,81,40,226,2015.32
2022-09-01,Headphones,Electronics,West,145,40,164,3837.38
2022-09-01,T-Shirt,Clothing,North,43,100,125,203.03
2022-09-01,T-Shirt,Clothing,South,197,100,112,946.82
2022-09-01,T-Shirt,Clothing,East,168,100,144,835.51
2022-09-01,T-Shirt,Clothing,West,155,100,138,763.45
2022-09-01,Jeans,Clothing,North,160,80,134,1242.06
2022-09-01,Jeans,Clothing,South,136,80,119,1045.92
2022-09-01,Jeans,Clothing,East,79,80,80,659.97
2022-09-01,Jeans,Clothing,West,100,80,80,838.86
2022-09-01,Sneakers,Footwear,North,196,60,97,2758.63
2022-09-01,Sneakers,Footwear,South,143,60,120,2241.35
2022-09-01,Sneakers,Footwear,East,154,60,202,2209.75
2022-09-01,Sneakers,Footwear,West,45,60,263,633.71
2022-09-01,Watch,Accessories,North,78,35,142,2189.98
2022-09-01,Watch,Accessories,South,23,35,231,694.71
2022-09-01,Watch,Accessories,East,90,35,61,2956.12
2022-09-01,Watch,Accessories,West,161,35,124,5020.71
2022-09-01,Backpack,Accessories,North,52,45,213,669.98
2022-09-01,Backpack,Accessories,South,145,45,76,1869.71
2022-09-01,Backpack,Accessories,East,166,45,122,1979.81
2022-09-01,Backpack,Accessories,West,132,45,137,1484.01
2022-10-01,Laptop,Electronics,North,33,30,114,4309.32
2022-10-01,Laptop,Electronics,South,142,30,79,18137.77
2022-10-01,Laptop,Electronics,East,122,30,175,13392.91
2022-10-01,Laptop,Electronics,West,181,30,225,19780.88
2022-10-01,Phone,Electronics,North,58,50,257,4698.32
2022-10-01,Phone,Electronics,South,97,50,71,8526.56
2022-10-01,Phone,Electronics,East,50,50,192,4211.55
2022-10-01,Phone,Electronics,West,175,50,202,14814.07
2022-10-01,Headphones,Electronics,North,77,40,248,1933.69
2022-10-01,Headphones,Electronics,South,135,40,282,3336.34
2022-10-01,Headphones,Electronics,East,170,40,159,4084.57
2022-10-01,Headphones,Electronics,West,178,40,65,4547.57
2022-10-01,T-Shirt,Clothing,North,45,100,292,236.82
2022-10-01,T-Shirt,Clothing,South,180,100,104,857.64
2022-10-01,T-Shirt,Clothing,East,40,100,90,189.59
2022-10-01,T-Shirt,Clothing,West,161,100,69,749.7
2022-10-01,Jeans,Clothing,North,124,80,165,1029.57
2022-10-01,Jeans,Clothing,South,140,80,124,1015.31
2022-10-01,Jeans,Clothing,East,93,80,230,711.67
2022-10-01,Jeans,Clothing,West,136,80,68,1128.77
2022-10-01,Sneakers,Footwear,North,87,60,251,1381.02
2022-10-01,Sneakers,Footwear,South,170,60,219,2704.99
2022-10-01,Sneakers,Footwear,East,70,60,158,969.1
2022-10-01,Sneakers,Footwear,West,77,60,215,1073.92
2022-10-01,Watch,Accessories,North,88,35,261,2451.1
2022-10-01,Watch,Accessories,South,35,35,92,1111.45
2022-10-01,Watch,Accessories,East,172,35,241,5494.62
2022-10-01,Watch,Accessories,West,93,35,162,2580.39
2022-10-01,Backpack,Accessories,North,196,45,127,2445.95
2022-10-01,Backpack,Accessories,South,89,45,178,1076.54
2022-10-01,Backpack,Accessories,East,132,45,70,1615.06
2022-10-01,Backpack,Accessories,West,130,45,238,1504.56
2022-11-01,Laptop,Electronics,North,84,30,56,9256.12
2022-11-01,Laptop,Electronics,South,192,30,264,24701.26
2022-11-01,Laptop,Electronics,East,170,30,293,18444.64
2022-11-01,Laptop,Electronics,West,192,30,260,21977.91
2022-11-01,Phone,Electronics,North,30,50,245,2523.01
2022-11-01,Phone,Electronics,South,140,50,182,11539.38
2022-11-01,Phone,Electronics,East,91,50,96,8003.55
2022-11-01,Phone,Electronics,West,131,50,212,11138.66
2022-11-01,Headphones,Electronics,North,43,40,170,1042.31
2022-11-01,Headphones,Electronics,South,105,40,132,2714.32
2022-11-01,Headphones,Electronics,East,61,40,134,1498.05
2022-11-01,Headphones,Electronics,West,146,40,123,3768.69
2022-11-01,T-Shirt,Clothing,North,122,100,258,641.78
2022-11-01,T-Shirt,Clothing,South,29,100,166,133.05
2022-11-01,T-Shirt,Clothing,East,84,100,132,387.74
2022-11-01,T-Shirt,Clothing,West,123,100,271,616.8
2022-11-01,Jeans,Clothing,North,20,80,218,171.82
2022-11-01,Jeans,Clothing,South,138,80,155,1005.57
2022-11-01,Jeans,Clothing,East,152,80,142,1245.82
2022-11-01,Jeans,Clothing,West,147,80,210,1162.37
2022-11-01,Sneakers,Footwear,North,33,60,102,471.94
2022-11-01,Sneakers,Footwear,South,53,60,287,761.3
2022-11-01,Sneakers,Footwear,East,198,60,174,2745.13
2022-11-01,Sneakers,Footwear,West,181,60,205,2877.53
2022-11-01,Watch,Accessories,North,60,35,129,1818.3
2022-11-01,Watch,Accessories,South,161,35,154,4437.04
2022-11-01,Watch,Accessories,East,49,35,168,1601.44
2022-11-01,Watch,Accessories,West,185,35,263,5165.91
2022-11-01,Backpack,Accessories,North,94,45,180,1174.34
2022-11-01,Backpack,Accessories,South,126,45,263,1506.71
2022-11-01,Backpack,Accessories,East,140,45,112,1665.48
2022-11-01,Backpack,Accessories,West,57,45,148,641.68
2022-12-01,Laptop,Electronics,North,173,30,180,21782.61
2022-12-01,Laptop,Electronics,South,54,30,271,5922.47
2022-12-01,Laptop,Electronics,East,126,30,137,16433.17
2022-12-01,Laptop,Electronics,West,149,30,118,19026.28
2022-12-01,Phone,Electronics,North,92,50,235,7063.47
2022-12-01,Phone,Electronics,South,170,50,198,14957.01
2022-12-01,Phone,Electronics,East,145,50,271,10784.74
2022-12-01,Phone,Electronics,West,157,50,173,12170.95
2022-12-01,Headphones,Electronics,North,161,40,245,4059.96
2022-12-01,Headphones,Electronics,South,136,40,288,3278.81
2022-12-01,Headphones,Electronics,East,68,40,228,1611.19
2022-12-01,Headphones,Electronics,West,118,40,109,3160.05
2022-12-01,T-Shirt,Clothing,North,125,100,61,602.27
2022-12-01,T-Shirt,Clothing,South,141,100,230,763.29
2022-12-01,T-Shirt,Clothing,East,117,100,148,642.14
2022-12-01,T-Shirt,Clothing,West,186,100,88,929.13
2022-12-01,Jeans,Clothing,North,29,80,82,232.11
2022-12-01,Jeans,Clothing,South,171,80,134,1469.15
2022-12-01,Jeans,Clothing,East,132,80,75,1061.48
2022-12-01,Jeans,Clothing,West,136,80,53,1136.4
2022-12-01,Sneakers,Footwear,North,124,60,272,1917.58
2022-12-01,Sneakers,Footwear,South,59,60,69,879.6
2022-12-01,Sneakers,Footwear,East,87,60,136,1337.17
2022-12-01,Sneakers,Footwear,West,121,60,216,1662.65
2022-12-01,Watch,Accessories,North,104,35,268,3228.8
2022-12-01,Watch,Accessories,South,156,35,147,5105.07
2022-12-01,Watch,Accessories,East,180,35,233,5818.43
2022-12-01,Watch,Accessories,West,144,35,273,4355.44
2022-12-01,Backpack,Accessories,North,178,45,67,2022.69
2022-12-01,Backpack,Accessories,South,195,45,285,2240.49
2022-12-01,Backpack,Accessories,East,78,45,241,859.32
2022-12-01,Backpack,Accessories,West,45,45,244,554.44
2023-01-01,Laptop,Electronics,North,45,30,163,5039.67
2023-01-01,Laptop,Electronics,South,96,30,281,10434.69
2023-01-01,Laptop,Electronics,East,103,30,253,11262.73
2023-01-01,Laptop,Electronics,West,111,30,145,13135.35
2023-01-01,Phone,Electronics,North,82,50,185,6444.61
2023-01-01,Phone,Electronics,South,194,50,252,14526.9
2023-01-01,Phone,Electronics,East,64,50,70,5232.12
2023-01-01,Phone,Electronics,West,117,50,208,9702.83
2023-01-01,Headphones,Electronics,North,147,40,283,3736.12
2023-01-01,Headphones,Electronics,South,79,40,168,2029.47
2023-01-01,Headphones,Electronics,East,137,40,115,3539.29
2023-01-01,Headphones,Electronics,West,139,40,280,3327.4
2023-01-01,T-Shirt,Clothing,North,159,100,90,727.24
2023-01-01,T-Shirt,Clothing,South,108,100,200,518.31
2023-01-01,T-Shirt,Clothing,East,128,100,226,608.01
2023-01-01,T-Shirt,Clothing,West,97,100,100,533.44
2023-01-01,Jeans,Clothing,North,143,80,77,1083.87
2023-01-01,Jeans,Clothing,South,166,80,141,1347.87
2023-01-01,Jeans,Clothing,East,199,80,125,1439.79
2023-01-01,Jeans,Clothing,West,188,80,151,1436.16
2023-01-01,Sneakers,Footwear,North,164,60,271,2551.41
2023-01-01,Sneakers,Footwear,South,32,60,283,490.22
2023-01-01,Sneakers,Footwear,East,147,60,263,2383.23
2023-01-01,Sneakers,Footwear,West,93,60,248,1478.38
2023-01-01,Watch,Accessories,North,175,35,255,5094.94
2023-01-01,Watch,Accessories,South,182,35,98,5592.01
2023-01-01,Watch,Accessories,East,193,35,243,6045.84
2023-01-01,Watch,Accessories,West,188,35,224,6021.64
2023-01-01,Backpack,Accessories,North,180,45,74,2334.27
2023-01-01,Backpack,Accessories,South,185,45,60,2135.17
2023-01-01,Backpack,Accessories,East,132,45,58,1609.21
2023-01-01,Backpack,Accessories,West,53,45,73,688.1
2023-02-01,Laptop,Electronics,North,103,30,241,12151.12
2023-02-01,Laptop,Electronics,South,71,30,83,9008.22
2023-02-01,Laptop,Electronics,East,113,30,185,13564.87
2023-02-01,Laptop,Electronics,West,89,30,262,9963.47
2023-02-01,Phone,Electronics,North,143,50,297,12141.25
2023-02-01,Phone,Electronics,South,106,50,255,7827.33
2023-02-01,Phone,Electronics,East,39,50,86,3278.59
2023-02-01,Phone,Electronics,West,77,50,270,6377.23
2023-02-01,Headphones,Electronics,North,192,40,300,4701.52
2023-02-01,Headphones,Electronics,South,162,40,143,3718.15
2023-02-01,Headphones,Electronics,East,121,40,53,2882.5
2023-02-01,Headphones,Electronics,West,51,40,166,1241.49
2023-02-01,T-Shirt,Clothing,North,192,100,117,976.24
2023-02-01,T-Shirt,Clothing,South,183,100,290,891.48
2023-02-01,T-Shirt,Clothing,East,192,100,109,954.52
2023-02-01,T-Shirt,Clothing,West,178,100,276,968.88
2023-02-01,Jeans,Clothing,North,103,80,284,842.14
2023-02-01,Jeans,Clothing,South,185,80,66,1520.08
2023-02-01,Jeans,Clothing,East,138,80,282,1148.4
2023-02-01,Jeans,Clothing,West,186,80,154,1373.92
2023-02-01,Sneakers,Footwear,North,31,60,292,421.96
2023-02-01,Sneakers,Footwear,South,146,60,79,2013.57
2023-02-01,Sneakers,Footwear,East,157,60,84,2302.55
2023-02-01,Sneakers,Footwear,West,114,60,221,1863.69
2023-02-01,Watch,Accessories,North,198,35,292,5987.75
2023-02-01,Watch,Accessories,South,170,35,240,5331.13
2023-02-01,Watch,Accessories,East,126,35,217,3476.86
2023-02-01,Watch,Accessories,West,145,35,207,4270.06
2023-02-01,Backpack,Accessories,North,91,45,58,1133.56
2023-02-01,Backpack,Accessories,South,75,45,163,890.05
2023-02-01,Backpack,Accessories,East,80,45,268,933.64
2023-02-01,Backpack,Accessories,West,195,45,144,2360.81
2023-03-01,Laptop,Electronics,North,185,30,141,20248.84
2023-03-01,Laptop,Electronics,South,90,30,98,11811.33
2023-03-01,Laptop,Electronics,East,136,30,73,16851.28
2023-03-01,Laptop,Electronics,West,184,30,213,22509.0
2023-03-01,Phone,Electronics,North,25,50,62,2114.72
2023-03-01,Phone,Electronics,South,82,50,82,6936.52
2023-03-01,Phone,Electronics,East,72,50,67,6139.95
2023-03-01,Phone,Electronics,West,161,50,103,13102.52
2023-03-01,Headphones,Electronics,North,79,40,134,2083.38
2023-03-01,Headphones,Electronics,South,172,40,50,4108.46
2023-03-01,Headphones,Electronics,East,57,40,83,1436.46
2023-03-01,Headphones,Electronics,West,64,40,78,1651.54
2023-03-01,T-Shirt,Clothing,North,26,100,83,117.39
2023-03-01,T-Shirt,Clothing,South,80,100,200,385.9
2023-03-01,T-Shirt,Clothing,East,64,100,117,291.35
2023-03-01,T-Shirt,Clothing,West,127,100,184,585.93
2023-03-01,Jeans,Clothing,North,36,80,171,285.02
2023-03-01,Jeans,Clothing,South,112,80,181,912.78
2023-03-01,Jeans,Clothing,East,135,80,178,1019.85
2023-03-01,Jeans,Clothing,West,177,80,61,1480.36
2023-03-01,Sneakers,Footwear,North,188,60,183,2708.12
2023-03-01,Sneakers,Footwear,South,184,60,296,2501.2
2023-03-01,Sneakers,Footwear,East,142,60,266,2088.09
2023-03-01,Sneakers,Footwear,West,195,60,77,2919.31
2023-03-01,Watch,Accessories,North,133,35,68,4308.61
2023-03-01,Watch,Accessories,South,102,35,205,2844.78
2023-03-01,Watch,Accessories,East,52,35,120,1598.79
2023-03-01,Watch,Accessories,West,169,35,190,5285.12
2023-03-01,Backpack,Accessories,North,117,45,202,1412.58
2023-03-01,Backpack,Accessories,South,136,45,179,1666.41
2023-03-01,Backpack,Accessories,East,45,45,253,561.79
2023-03-01,Backpack,Accessories,West,187,45,216,2413.51
2023-04-01,Laptop,Electronics,North,161,30,234,20732.26
2023-04-01,Laptop,Electronics,South,130,30,165,16810.84
2023-04-01,Laptop,Electronics,East,125,30,136,15982.26
2023-04-01,Laptop,Electronics,West,122,30,156,15312.31
2023-04-01,Phone,Electronics,North,100,50,159,7700.04
2023-04-01,Phone,Electronics,South,85,50,145,7416.89
2023-04-01,Phone,Electronics,East,195,50,286,15519.72
2023-04-01,Phone,Electronics,West,43,50,262,3154.73
2023-04-01,Headphones,Electronics,North,130,40,74,3408.98
2023-04-01,Headphones,Electronics,South,115,40,257,2662.32
2023-04-01,Headphones,Electronics,East,35,40,200,954.91
2023-04-01,Headphones,Electronics,West,163,40,134,4213.56
2023-04-01,T-Shirt,Clothing,North,125,100,140,671.7
2023-04-01,T-Shirt,Clothing,South,128,100,272,693.23
2023-04-01,T-Shirt,Clothing,East,33,100,297,157.99
2023-04-01,T-Shirt,Clothing,West,99,100,140,455.76
2023-04-01,Jeans,Clothing,North,149,80,104,1109.69
2023-04-01,Jeans,Clothing,South,143,80,107,1223.46
2023-04-01,Jeans,Clothing,East,109,80,266,881.81
2023-04-01,Jeans,Clothing,West,49,80,245,374.64
2023-04-01,Sneakers,Footwear,North,77,60,256,1138.62
2023-04-01,Sneakers,Footwear,South,163,60,299,2575.77
2023-04-01,Sneakers,Footwear,East,179,60,207,2778.96
2023-04-01,Sneakers,Footwear,West,162,60,56,2482.97
2023-04-01,Watch,Accessories,North,188,35,262,5858.24
2023-04-01,Watch,Accessories,South,27,35,96,773.27
2023-04-01,Watch,Accessories,East,99,35,285,2874.86
2023-04-01,Watch,Accessories,West,21,35,96,676.6
2023-04-01,Backpack,Accessories,North,164,45,218,1928.95
2023-04-01,Backpack,Accessories,South,56,45,239,689.9
2023-04-01,Backpack,Accessories,East,27,45,73,339.95
2023-04-01,Backpack,Accessories,West,75,45,146,885.57
2023-05-01,Laptop,Electronics,North,107,30,90,12506.3
2023-05-01,Laptop,Electronics,South,103,30,248,13451.16
2023-05-01,Laptop,Electronics,East,172,30,71,22222.44
2023-05-01,Laptop,Electronics,West,59,30,90,7440.28
2023-05-01,Phone,Electronics,North,32,50,222,2345.77
2023-05-01,Phone,Electronics,South,133,50,219,10478.3
2023-05-01,Phone,Electronics,East,175,50,163,13759.71
2023-05-01,Phone,Electronics,West,75,50,243,6014.82
2023-05-01,Headphones,Electronics,North,108,40,160,2489.88
2023-05-01,Headphones,Electronics,South,193,40,223,4914.87
2023-05-01,Headphones,Electronics,East,154,40,220,3702.48
2023-05-01,Headphones,Electronics,West,76,40,151,2084.09
2023-05-01,T-Shirt,Clothing,North,34,100,51,159.95
2023-05-01,T-Shirt,Clothing,South,74,100,246,343.16
2023-05-01,T-Shirt,Clothing,East,85,100,124,410.39
2023-05-01,T-Shirt,Clothing,West,21,100,177,110.19
2023-05-01,Jeans,Clothing,North,64,80,83,499.73
2023-05-01,Jeans,Clothing,South,200,80,108,1600.08
2023-05-01,Jeans,Clothing,East,191,80,256,1483.43
2023-05-01,Jeans,Clothing,West,121,80,270,1014.86
2023-05-01,Sneakers,Footwear,North,131,60,54,1949.18
2023-05-01,Sneakers,Footwear,South,39,60,270,563.13
2023-05-01,Sneakers,Footwear,East,129,60,196,1898.01
2023-05-01,Sneakers,Footwear,West,183,60,156,2629.44
2023-05-01,Watch,Accessories,North,123,35,55,4034.06
2023-05-01,Watch,Accessories,South,63,35,255,2059.2
2023-05-01,Watch,Accessories,East,137,35,262,4265.86
2023-05-01,Watch,Accessories,West,112,35,72,3317.47
2023-05-01,Backpack,Accessories,North,47,45,112,556.74
2023-05-01,Backpack,Accessories,South,122,45,184,1340.63
2023-05-01,Backpack,Accessories,East,99,45,240,1149.87
2023-05-01,Backpack,Accessories,West,105,45,249,1176.37
2023-06-01,Laptop,Electronics,North,150,30,212,16610.5
2023-06-01,Laptop,Electronics,South,150,30,99,19461.32
2023-06-01,Laptop,Electronics,East,109,30,139,13674.82
2023-06-01,Laptop,Electronics,West,185,30,258,20635.74
2023-06-01,Phone,Electronics,North,46,50,87,3500.39
2023-06-01,Phone,Electronics,South,64,50,204,4764.54
2023-06-01,Phone,Electronics,East,187,50,69,13994.02
2023-06-01,Phone,Electronics,West,180,50,176,14296.18
2023-06-01,Headphones,Electronics,North,164,40,244,4165.16
2023-06-01,Headphones,Electronics,South,194,40,286,5220.59
2023-06-01,Headphones,Electronics,East,184,40,212,5047.61
2023-06-01,Headphones,Electronics,West,102,40,271,2790.2
2023-06-01,T-Shirt,Clothing,North,100,100,88,493.98
2023-06-01,T-Shirt,Clothing,South,140,100,163,718.39
2023-06-01,T-Shirt,Clothing,East,90,100,201,410.06
2023-06-01,T-Shirt,Clothing,West,149,100,68,716.75
2023-06-01,Jeans,Clothing,North,135,80,59,984.29
2023-06-01,Jeans,Clothing,South,93,80,69,765.53
2023-06-01,Jeans,Clothing,East,43,80,207,350.47
2023-06-01,Jeans,Clothing,West,118,80,168,959.17
2023-06-01,Sneakers,Footwear,North,30,60,165,486.81
2023-06-01,Sneakers,Footwear,South,166,60,216,2334.74
2023-06-01,Sneakers,Footwear,East,174,60,171,2610.71
2023-06-01,Sneakers,Footwear,West,35,60,165,483.37
2023-06-01,Watch,Accessories,North,107,35,232,2943.14
2023-06-01,Watch,Accessories,South,185,35,94,5038.45
2023-06-01,Watch,Accessories,East,132,35,162,3979.06
2023-06-01,Watch,Accessories,West,176,35,90,5136.28
2023-06-01,Backpack,Accessories,North,92,45,149,1083.86
2023-06-01,Backpack,Accessories,South,106,45,223,1296.9
2023-06-01,Backpack,Accessories,East,181,45,215,2100.17
2023-06-01,Backpack,Accessories,West,104,45,74,1262.47
2023-07-01,Laptop,Electronics,North,118,30,122,13457.65
2023-07-01,Laptop,Electronics,South,188,30,296,24393.42
2023-07-01,Laptop,Electronics,East,58,30,135,6377.45
2023-07-01,Laptop,Electronics,West,189,30,86,24570.36
2023-07-01,Phone,Electronics,North,99,50,297,8167.19
2023-07-01,Phone,Electronics,South,189,50,150,13997.95
2023-07-01,Phone,Electronics,East,41,50,129,3318.65
2023-07-01,Phone,Electronics,West,184,50,252,14215.03
2023-07-01,Headphones,Electronics,North,52,40,221,1352.74
2023-07-01,Headphones,Electronics,South,195,40,283,4900.73
2023-07-01,Headphones,Electronics,East,185,40,221,4554.15
2023-07-01,Headphones,Electronics,West,112,40,54,2723.05
2023-07-01,T-Shirt,Clothing,North,66,100,293,311.14
2023-07-01,T-Shirt,Clothing,South,144,100,99,680.62
2023-07-01,T-Shirt,Clothing,East,55,100,89,251.74
2023-07-01,T-Shirt,Clothing,West,45,100,179,237.19
2023-07-01,Jeans,Clothing,North,154,80,59,1271.9
2023-07-01,Jeans,Clothing,South,178,80,83,1451.7
2023-07-01,Jeans,Clothing,East,59,80,91,441.87
2023-07-01,Jeans,Clothing,West,197,80,247,1615.32
2023-07-01,Sneakers,Footwear,North,62,60,234,918.41
2023-07-01,Sneakers,Footwear,South,125,60,143,1941.14
2023-07-01,Sneakers,Footwear,East,80,60,298,1186.61
2023-07-01,Sneakers,Footwear,West,92,60,242,1448.6
2023-07-01,Watch,Accessories,North,134,35,109,4047.34
2023-07-01,Watch,Accessories,South,99,35,297,3153.32
2023-07-01,Watch,Accessories,East,140,35,281,4481.5
2023-07-01,Watch,Accessories,West,114,35,223,3725.84
2023-07-01,Backpack,Accessories,North,132,45,168,1669.36
2023-07-01,Backpack,Accessories,South,117,45,178,1411.71
2023-07-01,Backpack,Accessories,East,61,45,259,688.04
2023-07-01,Backpack,Accessories,West,174,45,85,2243.77
2023-08-01,Laptop,Electronics,North,33,30,214,3944.63
2023-08-01,Laptop,Electronics,South,115,30,191,14998.65
2023-08-01,Laptop,Electronics,East,152,30,267,16870.82
2023-08-01,Laptop,Electronics,West,41,30,245,4585.75
2023-08-01,Phone,Electronics,North,135,50,281,10828.84
2023-08-01,Phone,Electronics,South,131,50,73,11415.68
2023-08-01,Phone,Electronics,East,76,50,259,6020.57
2023-08-01,Phone,Electronics,West,109,50,288,7894.51
2023-08-01,Headphones,Electronics,North,33,40,151,825.33
2023-08-01,Headphones,Electronics,South,80,40,148,2197.81
2023-08-01,Headphones,Electronics,East,115,40,107,2603.71
2023-08-01,Headphones,Electronics,West,45,40,264,1173.31
2023-08-01,T-Shirt,Clothing,North,105,100,252,487.84
2023-08-01,T-Shirt,Clothing,South,29,100,123,157.1
2023-08-01,T-Shirt,Clothing,East,140,100,228,746.36
2023-08-01,T-Shirt,Clothing,West,200,100,170,989.72
2023-08-01,Jeans,Clothing,North,21,80,281,153.86
2023-08-01,Jeans,Clothing,South,85,80,105,725.55
2023-08-01,Jeans,Clothing,East,160,80,290,1338.17
2023-08-01,Jeans,Clothing,West,155,80,158,1143.57
2023-08-01,Sneakers,Footwear,North,93,60,110,1339.52
2023-08-01,Sneakers,Footwear,South,32,60,111,472.3
2023-08-01,Sneakers,Footwear,East,179,60,167,2450.23
2023-08-01,Sneakers,Footwear,West,147,60,202,2220.9
2023-08-01,Watch,Accessories,North,181,35,181,5511.5
2023-08-01,Watch,Accessories,South,56,35,124,1656.22
2023-08-01,Watch,Accessories,East,177,35,140,5034.48
2023-08-01,Watch,Accessories,West,126,35,97,3904.26
2023-08-01,Backpack,Accessories,North,41,45,184,538.71
2023-08-01,Backpack,Accessories,South,37,45,294,446.31
2023-08-01,Backpack,Accessories,East,149,45,251,1962.63
2023-08-01,Backpack,Accessories,West,161,45,55,1889.67
2023-09-01,Laptop,Electronics,North,140,30,61,17255.85
2023-09-01,Laptop,Electronics,South,115,30,114,14482.59
2023-09-01,Laptop,Electronics,East,111,30,251,12167.98
2023-09-01,Laptop,Electronics,West,81,30,237,10025.41
2023-09-01,Phone,Electronics,North,46,50,247,3740.28
2023-09-01,Phone,Electronics,South,105,50,84,7634.48
2023-09-01,Phone,Electronics,East,159,50,136,13517.57
2023-09-01,Phone,Electronics,West,64,50,262,5405.84
2023-09-01,Headphones,Electronics,North,138,40,228,3435.19
2023-09-01,Headphones,Electronics,South,66,40,257,1529.5
2023-09-01,Headphones,Electronics,East,137,40,59,3283.51
2023-09-01,Headphones,Electronics,West,31,40,252,728.42
2023-09-01,T-Shirt,Clothing,North,30,100,130,163.0
2023-09-01,T-Shirt,Clothing,South,151,100,151,828.86
2023-09-01,T-Shirt,Clothing,East,159,100,171,755.78
2023-09-01,T-Shirt,Clothing,West,185,100,98,885.43
2023-09-01,Jeans,Clothing,North,32,80,271,263.97
2023-09-01,Jeans,Clothing,South,89,80,81,754.63
2023-09-01,Jeans,Clothing,East,131,80,277,1027.04
2023-09-01,Jeans,Clothing,West,132,80,279,1152.41
2023-09-01,Sneakers,Footwear,North,106,60,299,1490.41
2023-09-01,Sneakers,Footwear,South,197,60,177,2876.6
2023-09-01,Sneakers,Footwear,East,152,60,118,2417.32
2023-09-01,Sneakers,Footwear,West,128,60,70,1893.35
2023-09-01,Watch,Accessories,North,66,35,189,1898.33
2023-09-01,Watch,Accessories,South,46,35,70,1332.51
2023-09-01,Watch,Accessories,East,95,35,128,2819.17
2023-09-01,Watch,Accessories,West,129,35,92,4016.88
2023-09-01,Backpack,Accessories,North,109,45,164,1188.28
2023-09-01,Backpack,Accessories,South,110,45,207,1451.51
2023-09-01,Backpack,Accessories,East,90,45,213,1183.69
2023-09-01,Backpack,Accessories,West,34,45,69,421.97
2023-10-01,Laptop,Electronics,North,123,30,143,14798.63
2023-10-01,Laptop,Electronics,South,193,30,90,25257.32
2023-10-01,Laptop,Electronics,East,56,30,267,6864.58
2023-10-01,Laptop,Electronics,West,132,30,58,14655.9
2023-10-01,Phone,Electronics,North,80,50,249,6585.81
2023-10-01,Phone,Electronics,South,112,50,148,9765.45
2023-10-01,Phone,Electronics,East,28,50,204,2084.74
2023-10-01,Phone,Electronics,West,135,50,292,10521.28
2023-10-01,Headphones,Electronics,North,133,40,245,3043.63
2023-10-01,Headphones,Electronics,South,55,40,185,1338.41
2023-10-01,Headphones,Electronics,East,100,40,216,2389.34
2023-10-01,Headphones,Electronics,West,49,40,56,1282.74
2023-10-01,T-Shirt,Clothing,North,147,100,182,718.39
2023-10-01,T-Shirt,Clothing,South,163,100,80,776.17
2023-10-01,T-Shirt,Clothing,East,86,100,230,425.38
2023-10-01,T-Shirt,Clothing,West,176,100,123,914.14
2023-10-01,Jeans,Clothing,North,145,80,101,1072.45
2023-10-01,Jeans,Clothing,South,38,80,165,284.1
2023-10-01,Jeans,Clothing,East,133,80,72,1130.08
2023-10-01,Jeans,Clothing,West,101,80,220,783.34
2023-10-01,Sneakers,Footwear,North,36,60,190,544.55
2023-10-01,Sneakers,Footwear,South,96,60,267,1341.36
2023-10-01,Sneakers,Footwear,East,199,60,213,2790.43
2023-10-01,Sneakers,Footwear,West,112,60,180,1587.35
2023-10-01,Watch,Accessories,North,71,35,252,1976.16
2023-10-01,Watch,Accessories,South,146,35,56,4258.15
2023-10-01,Watch,Accessories,East,166,35,144,4947.54
2023-10-01,Watch,Accessories,West,161,35,83,4938.14
2023-10-01,Backpack,Accessories,North,42,45,66,484.78
2023-10-01,Backpack,Accessories,South,142,45,184,1673.6
2023-10-01,Backpack,Accessories,East,124,45,260,1510.29
2023-10-01,Backpack,Accessories,West,52,45,298,601.17
2023-11-01,Laptop,Electronics,North,38,30,165,4528.84
2023-11-01,Laptop,Electronics,South,152,30,138,16884.16
2023-11-01,Laptop,Electronics,East,161,30,213,19659.21
2023-11-01,Laptop,Electronics,West,53,30,160,6363.64
2023-11-01,Phone,Electronics,North,34,50,262,2515.54
2023-11-01,Phone,Electronics,South,59,50,127,4403.44
2023-11-01,Phone,Electronics,East,102,50,289,8501.63
2023-11-01,Phone,Electronics,West,108,50,292,9401.88
2023-11-01,Headphones,Electronics,North,92,40,266,2106.28
2023-11-01,Headphones,Electronics,South,70,40,212,1909.72
2023-11-01,Headphones,Electronics,East,90,40,82,2306.26
2023-11-01,Headphones,Electronics,West,177,40,186,4065.18
2023-11-01,T-Shirt,Clothing,North,184,100,93,936.89
2023-11-01,T-Shirt,Clothing,South,168,100,89,784.76
2023-11-01,T-Shirt,Clothing,East,179,100,234,966.96
2023-11-01,T-Shirt,Clothing,West,106,100,265,574.94
2023-11-01,Jeans,Clothing,North,30,80,261,257.46
2023-11-01,Jeans,Clothing,South,40,80,61,348.71
2023-11-01,Jeans,Clothing,East,167,80,117,1376.38
2023-11-01,Jeans,Clothing,West,166,80,156,1359.37
2023-11-01,Sneakers,Footwear,North,27,60,177,436.51
2023-11-01,Sneakers,Footwear,South,159,60,124,2452.69
2023-11-01,Sneakers,Footwear,East,97,60,173,1380.76
2023-11-01,Sneakers,Footwear,West,195,60,153,2806.5
2023-11-01,Watch,Accessories,North,38,35,226,1039.66
2023-11-01,Watch,Accessories,South,132,35,156,3947.53
2023-11-01,Watch,Accessories,East,72,35,137,2206.08
2023-11-01,Watch,Accessories,West,100,35,270,3131.02
2023-11-01,Backpack,Accessories,North,108,45,299,1269.75
2023-11-01,Backpack,Accessories,South,114,45,181,1384.87
2023-11-01,Backpack,Accessories,East,101,45,111,1203.87
2023-11-01,Backpack,Accessories,West,88,45,165,1002.76
2023-12-01,Laptop,Electronics,North,44,30,62,5058.46
2023-12-01,Laptop,Electronics,South,118,30,271,14486.75
2023-12-01,Laptop,Electronics,East,83,30,296,10687.69
2023-12-01,Laptop,Electronics,West,60,30,258,6951.51
2023-12-01,Phone,Electronics,North,167,50,234,12859.57
2023-12-01,Phone,Electronics,South,60,50,177,5276.13
2023-12-01,Phone,Electronics,East,139,50,177,11963.06
2023-12-01,Phone,Electronics,West,147,50,55,10795.8
2023-12-01,Headphones,Electronics,North,120,40,179,2974.34
2023-12-01,Headphones,Electronics,South,81,40,105,2058.75
2023-12-01,Headphones,Electronics,East,32,40,62,765.02
2023-12-01,Headphones,Electronics,West,172,40,275,4594.85
2023-12-01,T-Shirt,Clothing,North,192,100,170,918.86
2023-12-01,T-Shirt,Clothing,South,22,100,266,101.36
2023-12-01,T-Shirt,Clothing,East,54,100,275,257.28
2023-12-01,T-Shirt,Clothing,West,113,100,245,554.07
2023-12-01,Jeans,Clothing,North,31,80,152,225.74
2023-12-01,Jeans,Clothing,South,163,80,99,1268.15
2023-12-01,Jeans,Clothing,East,93,80,68,727.09
2023-12-01,Jeans,Clothing,West,135,80,245,1090.77
2023-12-01,Sneakers,Footwear,North,179,60,224,2744.63
2023-12-01,Sneakers,Footwear,South,52,60,299,717.08
2023-12-01,Sneakers,Footwear,East,115,60,253,1892.94
2023-12-01,Sneakers,Footwear,West,162,60,290,2364.68
2023-12-01,Watch,Accessories,North,56,35,100,1714.43
2023-12-01,Watch,Accessories,South,122,35,178,3323.47
2023-12-01,Watch,Accessories,East,29,35,85,907.16
2023-12-01,Watch,Accessories,West,141,35,182,4193.61
2023-12-01,Backpack,Accessories,North,175,45,278,2106.51
2023-12-01,Backpack,Accessories,South,103,45,288,1263.95
2023-12-01,Backpack,Accessories,East,61,45,150,803.83
2023-12-01,Backpack,Accessories,West,96,45,201,1114.3
2024-01-01,Laptop,Electronics,North,150,30,186,17963.45
2024-01-01,Laptop,Electronics,South,164,30,126,19581.18
2024-01-01,Laptop,Electronics,East,24,30,144,2782.79
2024-01-01,Laptop,Electronics,West,48,30,300,5663.85
2024-01-01,Phone,Electronics,North,98,50,253,8465.27
2024-01-01,Phone,Electronics,South,196,50,211,14195.57
2024-01-01,Phone,Electronics,East,141,50,117,12333.71
2024-01-01,Phone,Electronics,West,168,50,197,12707.64
2024-01-01,Headphones,Electronics,North,33,40,199,821.77
2024-01-01,Headphones,Electronics,South,154,40,211,4020.31
2024-01-01,Headphones,Electronics,East,117,40,87,3113.17
2024-01-01,Headphones,Electronics,West,82,40,58,2079.75
2024-01-01,T-Shirt,Clothing,North,199,100,78,933.47
2024-01-01,T-Shirt,Clothing,South,132,100,130,649.28
2024-01-01,T-Shirt,Clothing,East,125,100,226,587.99
2024-01-01,T-Shirt,Clothing,West,148,100,248,756.5
2024-01-01,Jeans,Clothing,North,140,80,273,1198.04
2024-01-01,Jeans,Clothing,South,35,80,230,259.73
2024-01-01,Jeans,Clothing,East,73,80,193,563.57
2024-01-01,Jeans,Clothing,West,189,80,172,1519.7
2024-01-01,Sneakers,Footwear,North,100,60,294,1401.95
2024-01-01,Sneakers,Footwear,South,156,60,137,2361.66
2024-01-01,Sneakers,Footwear,East,193,60,247,3107.87
2024-01-01,Sneakers,Footwear,West,194,60,214,3086.73
2024-01-01,Watch,Accessories,North,87,35,206,2601.74
2024-01-01,Watch,Accessories,South,83,35,121,2518.93
2024-01-01,Watch,Accessories,East,77,35,291,2528.48
2024-01-01,Watch,Accessories,West,96,35,247,2758.47
2024-01-01,Backpack,Accessories,North,73,45,226,911.91
2024-01-01,Backpack,Accessories,South,101,45,172,1175.35
2024-01-01,Backpack,Accessories,East,90,45,123,998.32
2024-01-01,Backpack,Accessories,West,193,45,189,2260.27
2024-02-01,Laptop,Electronics,North,121,30,259,14070.27
2024-02-01,Laptop,Electronics,South,57,30,124,6213.55
2024-02-01,Laptop,Electronics,East,40,30,138,5207.05
2024-02-01,Laptop,Electronics,West,187,30,115,23550.06
2024-02-01,Phone,Electronics,North,74,50,101,6308.29
2024-02-01,Phone,Electronics,South,89,50,288,7208.31
2024-02-01,Phone,Electronics,East,89,50,85,6563.54
2024-02-01,Phone,Electronics,West,170,50,111,12899.49
2024-02-01,Headphones,Electronics,North,191,40,281,4804.64
2024-02-01,Headphones,Electronics,South,183,40,109,4165.53
2024-02-01,Headphones,Electronics,East,125,40,134,3260.85
2024-02-01,Headphones,Electronics,West,45,40,224,1185.92
2024-02-01,T-Shirt,Clothing,North,21,100,296,106.06
2024-02-01,T-Shirt,Clothing,South,60,100,154,309.17
2024-02-01,T-Shirt,Clothing,East,141,100,172,726.23
2024-02-01,T-Shirt,Clothing,West,93,100,132,445.04
2024-02-01,Jeans,Clothing,North,35,80,282,295.05
2024-02-01,Jeans,Clothing,South,186,80,196,1408.31
2024-02-01,Jeans,Clothing,East,29,80,283,251.56
2024-02-01,Jeans,Clothing,West,126,80,275,1076.06
2024-02-01,Sneakers,Footwear,North,29,60,264,426.04
2024-02-01,Sneakers,Footwear,South,146,60,97,2381.23
2024-02-01,Sneakers,Footwear,East,94,60,274,1279.57
2024-02-01,Sneakers,Footwear,West,96,60,195,1469.6
2024-02-01,Watch,Accessories,North,105,35,122,3121.24
2024-02-01,Watch,Accessories,South,184,35,189,5546.85
2024-02-01,Watch,Accessories,East,54,35,267,1621.36
2024-02-01,Watch,Accessories,West,89,35,99,2834.91
2024-02-01,Backpack,Accessories,North,104,45,91,1305.69
2024-02-01,Backpack,Accessories,South,185,45,115,2317.06
2024-02-01,Backpack,Accessories,East,23,45,238,267.01
2024-02-01,Backpack,Accessories,West,95,45,195,1179.76
2024-03-01,Laptop,Electronics,North,69,30,94,8463.74
2024-03-01,Laptop,Electronics,South,183,30,279,21544.91
2024-03-01,Laptop,Electronics,East,129,30,181,14947.26
2024-03-01,Laptop,Electronics,West,122,30,221,13455.29
2024-03-01,Phone,Electronics,North,55,50,172,4244.77
2024-03-01,Phone,Electronics,South,83,50,51,6322.32
2024-03-01,Phone,Electronics,East,80,50,164,6724.81
2024-03-01,Phone,Electronics,West,104,50,127,8457.21
2024-03-01,Headphones,Electronics,North,166,40,52,3952.09
2024-03-01,Headphones,Electronics,South,112,40,227,2652.33
2024-03-01,Headphones,Electronics,East,190,40,80,4717.13
2024-03-01,Headphones,Electronics,West,60,40,153,1555.82
2024-03-01,T-Shirt,Clothing,North,200,100,247,962.2
2024-03-01,T-Shirt,Clothing,South,50,100,213,270.81
2024-03-01,T-Shirt,Clothing,East,95,100,144,485.89
2024-03-01,T-Shirt,Clothing,West,76,100,295,352.15
2024-03-01,Jeans,Clothing,North,59,80,166,495.39
2024-03-01,Jeans,Clothing,South,175,80,145,1376.44
2024-03-01,Jeans,Clothing,East,160,80,283,1272.53
2024-03-01,Jeans,Clothing,West,157,80,255,1297.22
2024-03-01,Sneakers,Footwear,North,75,60,245,1068.18
2024-03-01,Sneakers,Footwear,South,172,60,273,2728.28
2024-03-01,Sneakers,Footwear,East,154,60,164,2323.02
2024-03-01,Sneakers,Footwear,West,112,60,69,1820.19
2024-03-01,Watch,Accessories,North,48,35,65,1534.69
2024-03-01,Watch,Accessories,South,149,35,101,4535.0
2024-03-01,Watch,Accessories,East,58,35,92,1680.18
2024-03-01,Watch,Accessories,West,153,35,163,4237.71
2024-03-01,Backpack,Accessories,North,72,45,233,878.37
2024-03-01,Backpack,Accessories,South,43,45,280,517.07
2024-03-01,Backpack,Accessories,East,34,45,166,377.97
2024-03-01,Backpack,Accessories,West,126,45,166,1531.33
2024-04-01,Laptop,Electronics,North,163,30,168,20235.87
2024-04-01,Laptop,Electronics,South,98,30,235,10635.2
2024-04-01,Laptop,Electronics,East,85,30,259,9186.15
2024-04-01,Laptop,Electronics,West,75,30,198,8231.45
2024-04-01,Phone,Electronics,North,128,50,138,10650.39
2024-04-01,Phone,Electronics,South,158,50,65,13738.63
2024-04-01,Phone,Electronics,East,37,50,289,2943.47
2024-04-01,Phone,Electronics,West,93,50,154,6963.81
2024-04-01,Headphones,Electronics,North,54,40,246,1388.21
2024-04-01,Headphones,Electronics,South,185,40,296,4551.33
2024-04-01,Headphones,Electronics,East,117,40,164,3141.23
2024-04-01,Headphones,Electronics,West,116,40,146,2656.54
2024-04-01,T-Shirt,Clothing,North,189,100,273,952.43
2024-04-01,T-Shirt,Clothing,South,187,100,270,906.53
2024-04-01,T-Shirt,Clothing,East,65,100,187,318.05
2024-04-01,T-Shirt,Clothing,West,52,100,236,284.89
2024-04-01,Jeans,Clothing,North,20,80,243,144.73
2024-04-01,Jeans,Clothing,South,96,80,168,794.65
2024-04-01,Jeans,Clothing,East,159,80,158,1280.12
2024-04-01,Jeans,Clothing,West,78,80,113,619.09
2024-04-01,Sneakers,Footwear,North,59,60,120,829.86
2024-04-01,Sneakers,Footwear,South,48,60,58,764.56
2024-04-01,Sneakers,Footwear,East,127,60,207,2006.37
2024-04-01,Sneakers,Footwear,West,24,60,111,338.84
2024-04-01,Watch,Accessories,North,45,35,202,1224.07
2024-04-01,Watch,Accessories,South,173,35,222,5401.01
2024-04-01,Watch,Accessories,East,32,35,112,1006.18
2024-04-01,Watch,Accessories,West,122,35,162,3465.54
2024-04-01,Backpack,Accessories,North,75,45,243,965.47
2024-04-01,Backpack,Accessories,South,34,45,85,408.32
2024-04-01,Backpack,Accessories,East,94,45,109,1199.24
2024-04-01,Backpack,Accessories,West,167,45,131,2035.05
2024-05-01,Laptop,Electronics,North,192,30,259,22213.62
2024-05-01,Laptop,Electronics,South,97,30,274,10809.51
2024-05-01,Laptop,Electronics,East,189,30,183,21414.65
2024-05-01,Laptop,Electronics,West,96,30,120,10508.45
2024-05-01,Phone,Electronics,North,171,50,275,14323.54
2024-05-01,Phone,Electronics,South,64,50,210,5303.04
2024-05-01,Phone,Electronics,East,162,50,176,11785.52
2024-05-01,Phone,Electronics,West,108,50,291,8887.65
2024-05-01,Headphones,Electronics,North,117,40,251,2939.31
2024-05-01,Headphones,Electronics,South,198,40,156,4859.18
2024-05-01,Headphones,Electronics,East,96,40,146,2248.26
2024-05-01,Headphones,Electronics,West,157,40,171,3721.66
2024-05-01,T-Shirt,Clothing,North,77,100,126,412.53
2024-05-01,T-Shirt,Clothing,South,56,100,256,277.93
2024-05-01,T-Shirt,Clothing,East,34,100,193,167.03
2024-05-01,T-Shirt,Clothing,West,126,100,192,633.78
2024-05-01,Jeans,Clothing,North,119,80,112,905.35
2024-05-01,Jeans,Clothing,South,104,80,215,761.96
2024-05-01,Jeans,Clothing,East,135,80,266,1052.15
2024-05-01,Jeans,Clothing,West,157,80,235,1338.75
2024-05-01,Sneakers,Footwear,North,33,60,118,482.84
2024-05-01,Sneakers,Footwear,South,174,60,204,2369.64
2024-05-01,Sneakers,Footwear,East,38,60,98,604.73
2024-05-01,Sneakers,Footwear,West,170,60,235,2637.44
2024-05-01,Watch,Accessories,North,75,35,172,2119.0
2024-05-01,Watch,Accessories,South,105,35,127,3437.92
2024-05-01,Watch,Accessories,East,23,35,104,750.33
2024-05-01,Watch,Accessories,West,50,35,241,1649.87
2024-05-01,Backpack,Accessories,North,142,45,284,1616.28
2024-05-01,Backpack,Accessories,South,174,45,230,1964.6
2024-05-01,Backpack,Accessories,East,81,45,191,937.32
2024-05-01,Backpack,Accessories,West,92,45,147,1096.55
2024-06-01,Laptop,Electronics,North,186,30,141,21464.8
2024-06-01,Laptop,Electronics,South,112,30,181,14469.0
2024-06-01,Laptop,Electronics,East,139,30,75,17690.2
2024-06-01,Laptop,Electronics,West,140,30,244,17941.5
2024-06-01,Phone,Electronics,North,72,50,144,5544.49
2024-06-01,Phone,Electronics,South,31,50,194,2660.59
2024-06-01,Phone,Electronics,East,57,50,54,4341.83
2024-06-01,Phone,Electronics,West,169,50,198,14114.91
2024-06-01,Headphones,Electronics,North,95,40,89,2230.69
2024-06-01,Headphones,Electronics,South,78,40,147,1977.22
2024-06-01,Headphones,Electronics,East,82,40,177,2070.76
2024-06-01,Headphones,Electronics,West,195,40,136,4638.39
2024-06-01,T-Shirt,Clothing,North,145,100,297,757.42
2024-06-01,T-Shirt,Clothing,South,145,100,167,676.89
2024-06-01,T-Shirt,Clothing,East,110,100,93,510.4
2024-06-01,T-Shirt,Clothing,West,159,100,175,744.76
2024-06-01,Jeans,Clothing,North,158,80,214,1379.59
2024-06-01,Jeans,Clothing,South,154,80,58,1315.55
2024-06-01,Jeans,Clothing,East,39,80,291,331.84
2024-06-01,Jeans,Clothing,West,32,80,245,230.73
2024-06-01,Sneakers,Footwear,North,55,60,265,846.57
2024-06-01,Sneakers,Footwear,South,37,60,231,516.26
2024-06-01,Sneakers,Footwear,East,75,60,179,1115.1
2024-06-01,Sneakers,Footwear,West,35,60,208,539.46
2024-06-01,Watch,Accessories,North,177,35,283,5292.16
2024-06-01,Watch,Accessories,South,144,35,54,3893.71
2024-06-01,Watch,Accessories,East,161,35,155,4358.45
2024-06-01,Watch,Accessories,West,155,35,234,4440.51
2024-06-01,Backpack,Accessories,North,93,45,54,1116.49
2024-06-01,Backpack,Accessories,South,198,45,222,2343.01
2024-06-01,Backpack,Accessories,East,65,45,77,845.22
2024-06-01,Backpack,Accessories,West,154,45,88,1752.26
2024-07-01,Laptop,Electronics,North,178,30,184,20302.33
2024-07-01,Laptop,Electronics,South,110,30,118,13978.63
2024-07-01,Laptop,Electronics,East,40,30,145,5240.93
2024-07-01,Laptop,Electronics,West,137,30,194,15595.67
2024-07-01,Phone,Electronics,North,198,50,107,15206.32
2024-07-01,Phone,Electronics,South,40,50,217,3514.67
2024-07-01,Phone,Electronics,East,186,50,244,13486.29
2024-07-01,Phone,Electronics,West,123,50,147,9598.27
2024-07-01,Headphones,Electronics,North,141,40,64,3621.41
2024-07-01,Headphones,Electronics,South,199,40,93,4559.77
2024-07-01,Headphones,Electronics,East,131,40,215,3461.27
2024-07-01,Headphones,Electronics,West,164,40,300,4393.53
2024-07-01,T-Shirt,Clothing,North,44,100,279,221.24
2024-07-01,T-Shirt,Clothing,South,30,100,108,141.34
2024-07-01,T-Shirt,Clothing,East,197,100,277,998.16
2024-07-01,T-Shirt,Clothing,West,89,100,61,482.75
2024-07-01,Jeans,Clothing,North,195,80,286,1491.48
2024-07-01,Jeans,Clothing,South,159,80,194,1312.22
2024-07-01,Jeans,Clothing,East,65,80,287,556.44
2024-07-01,Jeans,Clothing,West,24,80,296,180.75
2024-07-01,Sneakers,Footwear,North,56,60,242,893.88
2024-07-01,Sneakers,Footwear,South,121,60,287,1661.43
2024-07-01,Sneakers,Footwear,East,61,60,194,867.51
2024-07-01,Sneakers,Footwear,West,119,60,223,1926.56
2024-07-01,Watch,Accessories,North,104,35,148,3279.5
2024-07-01,Watch,Accessories,South,55,35,252,1811.2
2024-07-01,Watch,Accessories,East,40,35,178,1258.91
2024-07-01,Watch,Accessories,West,108,35,63,2979.3
2024-07-01,Backpack,Accessories,North,79,45,264,867.61
2024-07-01,Backpack,Accessories,South,174,45,246,2135.55
2024-07-01,Backpack,Accessories,East,172,45,151,2257.57
2024-07-01,Backpack,Accessories,West,103,45,57,1269.16
2024-08-01,Laptop,Electronics,North,135,30,175,15319.17
2024-08-01,Laptop,Electronics,South,161,30,290,18838.65
2024-08-01,Laptop,Electronics,East,67,30,224,8178.09
2024-08-01,Laptop,Electronics,West,117,30,71,14804.25
2024-08-01,Phone,Electronics,North,95,50,254,7214.6
2024-08-01,Phone,Electronics,South,38,50,71,2898.93
2024-08-01,Phone,Electronics,East,117,50,232,9891.44
2024-08-01,Phone,Electronics,West,59,50,239,4615.8
2024-08-01,Headphones,Electronics,North,112,40,77,2571.25
2024-08-01,Headphones,Electronics,South,98,40,163,2381.36
2024-08-01,Headphones,Electronics,East,89,40,76,2061.47
2024-08-01,Headphones,Electronics,West,67,40,160,1657.86
2024-08-01,T-Shirt,Clothing,North,162,100,181,795.1
2024-08-01,T-Shirt,Clothing,South,26,100,72,126.2
2024-08-01,T-Shirt,Clothing,East,43,100,202,219.22
2024-08-01,T-Shirt,Clothing,West,103,100,271,503.18
2024-08-01,Jeans,Clothing,North,94,80,155,735.13
2024-08-01,Jeans,Clothing,South,41,80,235,354.31
2024-08-01,Jeans,Clothing,East,82,80,196,658.77
2024-08-01,Jeans,Clothing,West,195,80,147,1456.88
2024-08-01,Sneakers,Footwear,North,88,60,127,1258.86
2024-08-01,Sneakers,Footwear,South,57,60,66,798.09
2024-08-01,Sneakers,Footwear,East,90,60,157,1295.93
2024-08-01,Sneakers,Footwear,West,39,60,142,555.95
2024-08-01,Watch,Accessories,North,83,35,234,2552.27
2024-08-01,Watch,Accessories,South,172,35,207,4845.81
2024-08-01,Watch,Accessories,East,47,35,84,1354.91
2024-08-01,Watch,Accessories,West,121,35,135,3878.01
2024-08-01,Backpack,Accessories,North,117,45,255,1505.71
2024-08-01,Backpack,Accessories,South,132,45,135,1562.02
2024-08-01,Backpack,Accessories,East,186,45,299,2274.14
2024-08-01,Backpack,Accessories,West,96,45,132,1175.78
2024-09-01,Laptop,Electronics,North,197,30,101,23540.76
2024-09-01,Laptop,Electronics,South,65,30,296,7641.25
2024-09-01,Laptop,Electronics,East,101,30,124,12689.34
2024-09-01,Laptop,Electronics,West,182,30,175,23883.19
2024-09-01,Phone,Electronics,North,82,50,133,6397.38
2024-09-01,Phone,Electronics,South,120,50,143,8858.66
2024-09-01,Phone,Electronics,East,164,50,101,13362.0
2024-09-01,Phone,Electronics,West,159,50,96,13182.28
2024-09-01,Headphones,Electronics,North,160,40,56,4362.4
2024-09-01,Headphones,Electronics,South,138,40,291,3593.77
2024-09-01,Headphones,Electronics,East,132,40,254,3162.28
2024-09-01,Headphones,Electronics,West,197,40,67,5239.18
2024-09-01,T-Shirt,Clothing,North,124,100,222,619.91
2024-09-01,T-Shirt,Clothing,South,182,100,127,863.05
2024-09-01,T-Shirt,Clothing,East,188,100,89,980.46
2024-09-01,T-Shirt,Clothing,West,116,100,68,574.09
2024-09-01,Jeans,Clothing,North,173,80,172,1406.77
2024-09-01,Jeans,Clothing,South,156,80,179,1353.7
2024-09-01,Jeans,Clothing,East,197,80,157,1589.76
2024-09-01,Jeans,Clothing,West,112,80,229,966.87
2024-09-01,Sneakers,Footwear,North,157,60,202,2420.08
2024-09-01,Sneakers,Footwear,South,41,60,77,648.08
2024-09-01,Sneakers,Footwear,East,188,60,220,2738.22
2024-09-01,Sneakers,Footwear,West,185,60,206,2522.08
2024-09-01,Watch,Accessories,North,185,35,223,5712.89
2024-09-01,Watch,Accessories,South,104,35,297,3304.85
2024-09-01,Watch,Accessories,East,47,35,52,1296.81
2024-09-01,Watch,Accessories,West,76,35,180,2392.56
2024-09-01,Backpack,Accessories,North,162,45,198,2016.96
2024-09-01,Backpack,Accessories,South,76,45,164,889.04
2024-09-01,Backpack,Accessories,East,138,45,247,1715.47
2024-09-01,Backpack,Accessories,West,196,45,178,2187.71
2024-10-01,Laptop,Electronics,North,26,30,173,2873.24
2024-10-01,Laptop,Electronics,South,126,30,285,16516.27
2024-10-01,Laptop,Electronics,East,49,30,262,6398.24
2024-10-01,Laptop,Electronics,West,56,30,139,6467.18
2024-10-01,Phone,Electronics,North,136,50,250,10242.14
2024-10-01,Phone,Electronics,South,143,50,139,11385.46
2024-10-01,Phone,Electronics,East,132,50,234,10975.56
2024-10-01,Phone,Electronics,West,101,50,67,7757.23
2024-10-01,Headphones,Electronics,North,49,40,55,1310.55
2024-10-01,Headphones,Electronics,South,185,40,77,4788.85
2024-10-01,Headphones,Electronics,East,62,40,288,1700.01
2024-10-01,Headphones,Electronics,West,82,40,182,1916.53
2024-10-01,T-Shirt,Clothing,North,60,100,134,303.59
2024-10-01,T-Shirt,Clothing,South,138,100,109,731.09
2024-10-01,T-Shirt,Clothing,East,181,100,97,848.24
2024-10-01,T-Shirt,Clothing,West,188,100,160,920.37
2024-10-01,Jeans,Clothing,North,177,80,276,1330.28
2024-10-01,Jeans,Clothing,South,171,80,159,1337.59
2024-10-01,Jeans,Clothing,East,200,80,104,1505.85
2024-10-01,Jeans,Clothing,West,200,80,257,1694.72
2024-10-01,Sneakers,Footwear,North,167,60,76,2655.05
2024-10-01,Sneakers,Footwear,South,157,60,97,2291.79
2024-10-01,Sneakers,Footwear,East,70,60,167,968.93
2024-10-01,Sneakers,Footwear,West,191,60,270,2858.97
2024-10-01,Watch,Accessories,North,183,35,130,5596.47
2024-10-01,Watch,Accessories,South,176,35,150,5371.88
2024-10-01,Watch,Accessories,East,109,35,140,3495.97
2024-10-01,Watch,Accessories,West,178,35,94,5675.07
2024-10-01,Backpack,Accessories,North,200,45,254,2302.77
2024-10-01,Backpack,Accessories,South,177,45,201,1947.6
2024-10-01,Backpack,Accessories,East,54,45,130,598.47
2024-10-01,Backpack,Accessories,West,98,45,79,1101.45
2024-11-01,Laptop,Electronics,North,197,30,86,23691.18
2024-11-01,Laptop,Electronics,South,127,30,202,14136.22
2024-11-01,Laptop,Electronics,East,118,30,158,13270.05
2024-11-01,Laptop,Electronics,West,182,30,187,22684.92
2024-11-01,Phone,Electronics,North,185,50,288,16279.7
2024-11-01,Phone,Electronics,South,162,50,92,12933.15
2024-11-01,Phone,Electronics,East,55,50,97,4236.83
2024-11-01,Phone,Electronics,West,135,50,208,9835.8
2024-11-01,Headphones,Electronics,North,111,40,293,2502.82
2024-11-01,Headphones,Electronics,South,54,40,99,1435.11
2024-11-01,Headphones,Electronics,East,163,40,179,4199.75
2024-11-01,Headphones,Electronics,West,124,40,225,3094.87
2024-11-01,T-Shirt,Clothing,North,133,100,175,620.74
2024-11-01,T-Shirt,Clothing,South,164,100,57,868.52
2024-11-01,T-Shirt,Clothing,East,76,100,124,344.48
2024-11-01,T-Shirt,Clothing,West,77,100,187,368.73
2024-11-01,Jeans,Clothing,North,137,80,194,1149.16
2024-11-01,Jeans,Clothing,South,146,80,190,1170.52
2024-11-01,Jeans,Clothing,East,166,80,79,1266.35
2024-11-01,Jeans,Clothing,West,159,80,260,1396.88
2024-11-01,Sneakers,Footwear,North,158,60,260,2491.72
2024-11-01,Sneakers,Footwear,South,132,60,189,1868.54
2024-11-01,Sneakers,Footwear,East,128,60,76,2010.62
2024-11-01,Sneakers,Footwear,West,187,60,242,2663.37
2024-11-01,Watch,Accessories,North,28,35,165,800.15
2024-11-01,Watch,Accessories,South,42,35,162,1352.05
2024-11-01,Watch,Accessories,East,50,35,248,1593.57
2024-11-01,Watch,Accessories,West,73,35,257,2294.07
2024-11-01,Backpack,Accessories,North,196,45,139,2521.84
2024-11-01,Backpack,Accessories,South,176,45,211,2081.66
2024-11-01,Backpack,Accessories,East,177,45,85,2245.0
2024-11-01,Backpack,Accessories,West,72,45,256,787.86
2024-12-01,Laptop,Electronics,North,109,30,186,12507.32
2024-12-01,Laptop,Electronics,South,157,30,93,18175.53
2024-12-01,Laptop,Electronics,East,200,30,124,22988.8
2024-12-01,Laptop,Electronics,West,88,30,293,11316.13
2024-12-01,Phone,Electronics,North,193,50,258,14190.06
2024-12-01,Phone,Electronics,South,125,50,285,9118.57
2024-12-01,Phone,Electronics,East,90,50,271,7424.49
2024-12-01,Phone,Electronics,West,199,50,271,14750.49
2024-12-01,Headphones,Electronics,North,57,40,232,1374.3
2024-12-01,Headphones,Electronics,South,83,40,244,2217.58
2024-12-01,Headphones,Electronics,East,120,40,175,2785.3
2024-12-01,Headphones,Electronics,West,181,40,118,4640.67
2024-12-01,T-Shirt,Clothing,North,116,100,165,530.76
2024-12-01,T-Shirt,Clothing,South,43,100,153,215.67
2024-12-01,T-Shirt,Clothing,East,91,100,227,494.71
2024-12-01,T-Shirt,Clothing,West,114,100,166,621.33
2024-12-01,Jeans,Clothing,North,103,80,198,742.01
2024-12-01,Jeans,Clothing,South,43,80,237,376.48
2024-12-01,Jeans,Clothing,East,182,80,220,1513.45
2024-12-01,Jeans,Clothing,West,36,80,253,289.98
2024-12-01,Sneakers,Footwear,North,75,60,297,1109.17
2024-12-01,Sneakers,Footwear,South,74,60,176,1058.62
2024-12-01,Sneakers,Footwear,East,92,60,136,1393.06
2024-12-01,Sneakers,Footwear,West,53,60,194,851.04
2024-12-01,Watch,Accessories,North,107,35,278,3327.2
2024-12-01,Watch,Accessories,South,32,35,61,883.12
2024-12-01,Watch,Accessories,East,137,35,54,3801.12
2024-12-01,Watch,Accessories,West,60,35,162,1784.35
2024-12-01,Backpack,Accessories,North,129,45,101,1701.47
2024-12-01,Backpack,Accessories,South,53,45,275,655.08
2024-12-01,Backpack,Accessories,East,60,45,273,782.31
2024-12-01,Backpack,Accessories,West,90,45,73,1113.39
