session_id,timestamp,question,step,tool,success,time_taken,code,filename,result
20260504_014111,2026-05-04 01:41:19,what is the average order value per age group,1,analyze_data,True,0.00s,df.groupby('Age Group')['Total Sales'].mean().reset_index(name='Average Order Value'),,No result found.
20260504_014111,2026-05-04 01:41:19,what is the average order value per age group,2,analyze_data,True,0.00s,"df['Average Order Value'] = df['Total Sales'] / df['Units Sold']
result = df.groupby('Age Group')['Average Order Value'].mean().reset_index()",,"  Age Group  Average Order Value
0     18-25           282.779469
1     26-35           312.047284
2     36-45           285.239360
3       46+           279.254203"
20260504_014248,2026-05-04 01:42:53,which product had the highest total sales?,1,analyze_data,True,0.00s,result = df.groupby('Product')['Total Sales'].sum().idxmax(),,Laptop
20260504_014248,2026-05-04 01:44:00,what were the cumulative sales per year and show me a bar chart,1,analyze_data,True,0.00s,result = df.groupby(df['Date'].dt.year)['Total Sales'].sum().cumsum(),,"Date
2022    1882327.17
2023    3881480.97
2024    6036253.22
Name: Total Sales, dtype: float64"
20260504_014248,2026-05-04 01:44:00,what were the cumulative sales per year and show me a bar chart,2,generate_chart,True,1.48s,"cumulative_sales = df.groupby(df['Date'].dt.year)['Total Sales'].sum().cumsum()
plt.figure(figsize=(10, 6))
plt.bar(cumulative_sales.index, cumulative_sales.values, color='skyblue')
plt.title('Cumulative Sales Per Year')
plt.xlabel('Year')
plt.ylabel('Cumulative Sales ($)')
plt.xticks(cumulative_sales.index)
plt.grid(axis='y')
plt.savefig('cumulative_sales_per_year.png')
plt.close()",charts/cumulative_sales_per_year_20260504_014405.png,A bar chart showing the cumulative sales per year from 2022 to 2024.
20260504_014248,2026-05-04 01:46:27,which product had the highest total sales and how much was the total sales?,1,analyze_data,True,0.00s,result = df.groupby('Product')['Total Sales'].sum().idxmax(),,Laptop
20260504_014248,2026-05-04 01:46:27,which product had the highest total sales and how much was the total sales?,2,analyze_data,True,0.00s,result = df.groupby('Product')['Total Sales'].sum().max(),,2469320.66
20260504_020003,2026-05-04 02:01:37,sum of all the products sold on the 17th of all the months for all the years,1,analyze_data,True,0.03s,result = df[df['Date'].dt.day == 17].groupby(df['Date'].dt.to_period('M'))['Units Sold'].sum(),,"Date
2022-01    10
2022-02    18
2022-04     2
2022-05    27
2022-07    14
2022-08    12
2022-09    13
2022-10    58
2022-11    20
2022-12    20
2023-01    29
2023-02    38
2023-03    35
2023-04     2"
20260504_020003,2026-05-04 02:02:58,what is the total units sold on the 17th of every month across all years combined as a single number?,1,analyze_data,True,0.00s,df[df['Date'].dt.day == 17]['Units Sold'].sum(),,No result found.
20260504_020003,2026-05-04 02:02:58,what is the total units sold on the 17th of every month across all years combined as a single number?,2,analyze_data,True,0.00s,df[df['Date'].dt.day == 17]['Units Sold'].sum(),,No result found.
20260504_020003,2026-05-04 02:03:45,what is the total units sold on the 17th of every month across all years combined,1,analyze_data,True,0.00s,df[df['Date'].dt.day == 17]['Units Sold'].sum(),,No result found.
20260504_020003,2026-05-04 02:03:45,what is the total units sold on the 17th of every month across all years combined,2,analyze_data,True,0.01s,df[df['Date'].dt.day == 17].groupby(df['Date'].dt.month)['Units Sold'].sum(),,No result found.
20260504_020003,2026-05-04 02:03:45,what is the total units sold on the 17th of every month across all years combined,3,analyze_data,True,0.00s,df[df['Date'].dt.day == 17],,No result found.
20260504_020003,2026-05-04 02:04:40,what is the total units sold on days where the date is the 17th of the month?,1,analyze_data,True,0.00s,df[df['Date'].dt.day == 17]['Units Sold'].sum(),,No result found.
20260504_020003,2026-05-04 02:04:40,what is the total units sold on days where the date is the 17th of the month?,2,analyze_data,False,0.00s,df[df['Date'].dt.day == 17].sum()['Units Sold'],,'DatetimeArray' with dtype datetime64[us] does not support operation 'sum'
20260504_020003,2026-05-04 02:04:40,what is the total units sold on days where the date is the 17th of the month?,3,analyze_data,True,0.00s,df[df['Date'].dt.day == 17]['Units Sold'].sum(),,No result found.
20260504_020003,2026-05-04 02:04:59,filter rows where day of month is 17 and give me the total units sold,1,analyze_data,True,0.00s,result = df[df['Date'].dt.day == 17]['Units Sold'].sum(),,746
20260504_020003,2026-05-04 02:05:14,filter rows where day of month is 17 and give me the total units sold,1,analyze_data,True,0.00s,result = df[df['Date'].dt.day == 17]['Units Sold'].sum(),,746
20260504_020003,2026-05-04 02:05:35,what is the total units sold on days where the date is the 17th of the month?,1,analyze_data,True,0.00s,df[df['Date'].dt.day == 17]['Units Sold'].sum(),,No result found.
20260504_020003,2026-05-04 02:05:35,what is the total units sold on days where the date is the 17th of the month?,2,analyze_data,True,0.00s,df[df['Date'].dt.day == 17]['Units Sold'].sum(),,No result found.
20260504_020003,2026-05-04 02:05:35,what is the total units sold on days where the date is the 17th of the month?,3,analyze_data,True,0.00s,df[df['Date'].dt.day == 17],,No result found.
20260504_090244,2026-05-04 09:02:56,which product had the highest sales?,1,analyze_data,True,0.01s,result = df.groupby('Product')['Total Sales'].sum().idxmax(),,Laptop
20260504_090244,2026-05-04 09:03:21,how much did it make compared to the lowest selling product?,1,analyze_data,True,0.00s,"highest_selling_product = df.groupby('Product')['Total Sales'].sum().idxmax()
lowest_selling_product = df.groupby('Product')['Total Sales'].sum().idxmin()
highest_sales_value = df.groupby('Product')['Total Sales'].sum().max()
lowest_sales_value = df.groupby('Product')['Total Sales'].sum().min()
result = highest_selling_product, highest_sales_value, lowest_selling_product, lowest_sales_value",,"('Laptop', np.float64(2469320.66), 'T-Shirt', np.float64(77885.32))"
20260504_090244,2026-05-04 09:04:01,what is the difference in terms of percentage between the lowest and the highest ,1,analyze_data,True,0.00s,"highest_sales = df.groupby('Product')['Total Sales'].sum().idxmax()
highest_amount = df.groupby('Product')['Total Sales'].sum().max()

lowest_sales = df.groupby('Product')['Total Sales'].sum().idxmin()
lowest_amount = df.groupby('Product')['Total Sales'].sum().min()

difference_percentage = ((highest_amount - lowest_amount) / lowest_amount) * 100
result = {'product': highest_sales, 'amount': highest_amount, 'lowest_product': lowest_sales, 'lowest_amount': lowest_amount, 'difference_percentage': difference_percentage}",,"{'product': 'Laptop', 'amount': np.float64(2469320.66), 'lowest_product': 'T-Shirt', 'lowest_amount': np.float64(77885.32), 'difference_percentage': np.float64(3070.457102827593)}"
20260504_205230,2026-05-04 20:54:13,which category had the highest sales and show me a bar chart,1,analyze_data,True,0.01s,result = df.groupby('Category')['Total Sales'].sum().idxmax(),,Electronics
20260504_205230,2026-05-04 20:54:13,which category had the highest sales and show me a bar chart,2,generate_chart,True,1.70s,"category_sales = df.groupby('Category')['Total Sales'].sum()

plt.figure(figsize=(10, 6))
sns.barplot(x=category_sales.index, y=category_sales.values, palette='viridis')
plt.title('Total Sales by Category')
plt.xlabel('Category')
plt.ylabel('Total Sales')
plt.xticks(rotation=45)
plt.tight_layout()
plt.savefig('total_sales_by_category.png')
plt.close()",charts/total_sales_by_category_20260504_205420.png,"This bar chart shows the total sales for each product category, highlighting Electronics as the highest selling category."
20260504_210315,2026-05-04 21:03:40,which category had highest sales and show me a bar chart,1,analyze_data,True,0.00s,result = df.groupby('Category')['Total Sales'].sum().idxmax(),,Electronics
20260504_210315,2026-05-04 21:03:40,which category had highest sales and show me a bar chart,2,generate_chart,True,0.46s,"category_sales = df.groupby('Category')['Total Sales'].sum()
sns.barplot(x=category_sales.index, y=category_sales.values)
plt.title('Total Sales by Category')
plt.xlabel('Category')
plt.ylabel('Total Sales')
plt.xticks(rotation=45)
plt.savefig('total_sales_by_category.png')
plt.close()",charts/total_sales_by_category_20260504_210348.png,Bar chart showing total sales by category with Electronics having the highest sales.
20260504_210315,2026-05-04 21:04:09,what is the value of sales for it,1,analyze_data,True,0.00s,df[df['Category'] == 'IT']['Total Sales'].sum(),,No result found.
20260504_210315,2026-05-04 21:04:09,what is the value of sales for it,2,analyze_data,True,0.00s,df[df['Category'] == 'IT'],,No result found.
20260504_210315,2026-05-04 21:05:08,total sales of the electronics category,1,analyze_data,True,0.00s,df[df['Category'] == 'Electronics']['Total Sales'].sum(),,No result found.
20260504_210315,2026-05-04 21:05:08,total sales of the electronics category,2,analyze_data,True,0.00s,df[df['Category'] == 'Electronics'].agg({'Total Sales': 'sum'}),,No result found.
20260504_210315,2026-05-04 21:05:08,total sales of the electronics category,3,analyze_data,True,0.00s,"df.loc[df['Category'] == 'Electronics', 'Total Sales'].sum()",,No result found.
20260504_210315,2026-05-04 21:05:08,total sales of the electronics category,4,analyze_data,True,0.00s,result = df[df['Category'].str.contains('Electronics')]['Total Sales'].sum(),,5028995.209999999
20260504_211351,2026-05-04 21:14:24,what is the total sales for it?,1,analyze_data,True,0.00s,df[df['Category'] == 'Electronics']['Total Sales'].sum(),,No result found.
20260504_211351,2026-05-04 21:14:24,what is the total sales for it?,2,analyze_data,False,0.00s,df[df['Category'] == 'Electronics'].sum()['Total Sales'],,'DatetimeArray' with dtype datetime64[us] does not support operation 'sum'
20260504_211351,2026-05-04 21:14:24,what is the total sales for it?,3,analyze_data,True,0.00s,df[df['Category'] == 'Electronics']['Total Sales'].sum(),,No result found.
20260504_211351,2026-05-04 21:14:24,what is the total sales for it?,4,analyze_data,False,0.00s,df[df['Category'] == 'Electronics'].Total Sales.sum(),,"invalid syntax (<string>, line 1)"
20260504_211351,2026-05-04 21:14:24,what is the total sales for it?,5,analyze_data,True,0.00s,df[df['Category'] == 'Electronics']['Total Sales'].sum(),,No result found.
20260504_211351,2026-05-04 21:14:24,what is the total sales for it?,6,analyze_data,True,0.00s,df[df['Category'] == 'Electronics']['Total Sales'].sum(),,No result found.
20260504_211351,2026-05-04 21:14:24,what is the total sales for it?,7,analyze_data,True,0.00s,df[df['Category'] == 'Electronics']['Total Sales'].sum(),,No result found.
20260504_211351,2026-05-04 21:14:24,what is the total sales for it?,8,analyze_data,False,0.00s,df[df['Category'] == 'Electronics'].sum(axis=0)['Total Sales'],,'DatetimeArray' with dtype datetime64[us] does not support operation 'sum'
20260504_211519,2026-05-04 21:15:35,which category had highest sales and show me a bar chart,1,analyze_data,True,0.00s,result = df.groupby('Category')['Total Sales'].sum().idxmax(),,Electronics
20260504_211519,2026-05-04 21:15:35,which category had highest sales and show me a bar chart,2,analyze_data,True,0.00s,result = df.groupby('Category')['Total Sales'].sum(),,"Category
Accessories     554105.12
Clothing        237827.86
Electronics    5028995.21
Footwear        215325.03
Name: Total Sales, dtype: float64"
20260504_211519,2026-05-04 21:15:35,which category had highest sales and show me a bar chart,3,generate_chart,True,1.13s,"import matplotlib.pyplot as plt
import seaborn as sns

# Recompute sales data from df
category_sales = df.groupby('Category')['Total Sales'].sum().reset_index()
sns.barplot(x='Total Sales', y='Category', data=category_sales, palette='viridis')
plt.title('Total Sales by Category')
plt.xlabel('Total Sales ($)')
plt.ylabel('Category')
plt.tight_layout()",charts/total_sales_by_category_20260504_211541.png,A bar chart showing the total sales for each category.
20260504_212016,2026-05-04 21:20:41,which category had highest sales?,1,analyze_data,True,0.00s,result = df.groupby('Category')['Total Sales'].sum().idxmax(),,Electronics
20260504_212016,2026-05-04 21:21:22,which category had highest sales show me thru a bar graph,1,analyze_data,True,0.00s,result = df.groupby('Category')['Total Sales'].sum().reset_index(),,"      Category  Total Sales
0  Accessories    554105.12
1     Clothing    237827.86
2  Electronics   5028995.21
3     Footwear    215325.03"
20260504_212016,2026-05-04 21:21:22,which category had highest sales show me thru a bar graph,2,generate_chart,True,0.56s,"# Recomputing the total sales by category
sales_by_category = df.groupby('Category')['Total Sales'].sum().reset_index()

# Create a bar plot for sales by category
plt.figure(figsize=(10, 6))
sns.barplot(data=sales_by_category, x='Category', y='Total Sales', palette='viridis')
plt.title('Total Sales by Category')
plt.xlabel('Category')
plt.ylabel('Total Sales')
plt.xticks(rotation=45)
plt.grid(axis='y')
plt.tight_layout()
plt.savefig('total_sales_by_category.png')
plt.close()",charts/total_sales_by_category_20260504_212131.png,"This bar graph shows the total sales amount for each product category, highlighting Electronics as the leading category."
20260504_212016,2026-05-04 21:21:55,what is the total sales for it?,1,analyze_data,True,0.00s,df[df['Category'] == 'Electronics']['Total Sales'].sum(),,No result found.
20260504_212016,2026-05-04 21:21:55,what is the total sales for it?,2,analyze_data,True,0.00s,df[df['Category'] == 'IT']['Total Sales'].sum(),,No result found.
20260504_212336,2026-05-04 21:24:36,which category had highest sales show me with the help of a graph,1,analyze_data,True,0.00s,result = df.groupby('Category')['Total Sales'].sum().idxmax(),,Electronics
20260504_212336,2026-05-04 21:24:36,which category had highest sales show me with the help of a graph,2,generate_chart,False,0.00s,"category_sales = df.groupby('Category')['Total Sales'].sum().reset_index()\nsns.barplot(x='Total Sales', y='Category', data=category_sales)\nplt.title('Total Sales by Category')\nplt.xlabel('Total Sales')\nplt.ylabel('Category')\nplt.savefig('total_sales_by_category.png')\nplt.close()",,"unexpected character after line continuation character (<string>, line 1)"
20260504_212336,2026-05-04 21:24:36,which category had highest sales show me with the help of a graph,3,generate_chart,False,0.00s,"category_sales = df.groupby('Category')['Total Sales'].sum().reset_index()\nimport seaborn as sns\nimport matplotlib.pyplot as plt\nsns.barplot(x='Total Sales', y='Category', data=category_sales)\nplt.title('Total Sales by Category')\nplt.xlabel('Total Sales')\nplt.ylabel('Category')\nplt.savefig('total_sales_by_category.png')\nplt.close()",,"unexpected character after line continuation character (<string>, line 1)"
20260504_212336,2026-05-04 21:24:36,which category had highest sales show me with the help of a graph,4,generate_chart,False,0.00s,"category_sales = df.groupby('Category')['Total Sales'].sum().reset_index()\nsns.barplot(x='Total Sales', y='Category', data=category_sales)\nplt.title('Total Sales by Category')\nplt.xlabel('Total Sales')\nplt.ylabel('Category')\nplt.savefig('total_sales_by_category.png')\nplt.close()",,"unexpected character after line continuation character (<string>, line 1)"
20260504_212336,2026-05-04 21:24:36,which category had highest sales show me with the help of a graph,5,generate_chart,False,0.00s,"category_sales = df.groupby('Category')['Total Sales'].sum().reset_index()\nsns.barplot(x='Total Sales', y='Category', data=category_sales)\nplt.title('Total Sales by Category')\nplt.xlabel('Total Sales')\nplt.ylabel('Category')\nplt.savefig('total_sales_by_category.png')\nplt.close()",,"unexpected character after line continuation character (<string>, line 1)"
20260504_212336,2026-05-04 21:24:36,which category had highest sales show me with the help of a graph,6,generate_chart,True,0.46s,"category_sales = df.groupby('Category')['Total Sales'].sum().reset_index()
import seaborn as sns
import matplotlib.pyplot as plt
sns.barplot(x='Total Sales', y='Category', data=category_sales)
plt.title('Total Sales by Category')
plt.xlabel('Total Sales')
plt.ylabel('Category')
plt.savefig('total_sales_by_category.png')
plt.close()",charts/total_sales_by_category_20260504_212452.png,"This chart displays the total sales for each product category, highlighting Electronics as the category with the highest sales."
20260504_212336,2026-05-04 21:25:24,What is the total sales for the Electronics category?,1,analyze_data,True,0.00s,df[df['Category'] == 'Electronics']['Total Sales'].sum(),,No result found.
20260504_212336,2026-05-04 21:25:24,What is the total sales for the Electronics category?,2,analyze_data,True,0.00s,result = df['Category'].unique(),,"<StringArray>
['Electronics', 'Footwear', 'Clothing', 'Accessories']
Length: 4, dtype: str"
20260504_212336,2026-05-04 21:25:24,What is the total sales for the Electronics category?,3,analyze_data,True,0.00s,df[df['Category'] == 'Electronics']['Total Sales'].sum(),,No result found.
20260504_212336,2026-05-04 21:25:24,What is the total sales for the Electronics category?,4,analyze_data,True,0.00s,df[df['Category'] == 'Electronics'][['Total Sales']].notnull().sum(),,No result found.
20260504_212336,2026-05-04 21:25:24,What is the total sales for the Electronics category?,5,analyze_data,True,0.00s,result = df.head(),,"        Date   Product     Category Region Age Group  Units Sold  Unit Price  Total Sales
0 2022-08-17    Laptop  Electronics   East     26-35           8      926.98      7415.84
1 2022-07-29     Pho"
20260504_212336,2026-05-04 21:25:24,What is the total sales for the Electronics category?,6,analyze_data,True,0.00s,df[df['Category'] == 'Electronics']['Total Sales'].sum(),,No result found.
20260504_212336,2026-05-04 21:25:24,What is the total sales for the Electronics category?,7,analyze_data,True,0.00s,result = df['Total Sales'].dtype,,float64
20260504_212336,2026-05-04 21:25:24,What is the total sales for the Electronics category?,8,analyze_data,True,0.00s,"df.loc[df['Category'] == 'Electronics', 'Total Sales'].sum()",,No result found.
